symbol,calendar_year,horizon,distress_actual,prob_distress,pred_label,distance_to_threshold,model_name,threshold_used,risk_bucket,confusion_type
AGRO,2014,1,1,1,1,0.6,Random Forest,0.4,High Risk,TP
AGRO,2014,1,1,1,1,0.6,Random Forest,0.4,High Risk,TP
AGRO,2014,1,1,1,1,0.6,Random Forest,0.4,High Risk,TP
AGRO,2014,1,1,1,1,0.6,Random Forest,0.4,High Risk,TP
AGRS,2014,1,0,1,1,0.6,Random Forest,0.4,High Risk,FP
AGRS,2014,1,0,1,1,0.6,Random Forest,0.4,High Risk,FP
AGRS,2014,1,0,1,1,0.6,Random Forest,0.4,High Risk,FP
AGRS,2014,1,1,1,1,0.6,Random Forest,0.4,High Risk,TP
AMAR,2014,1,1,1,1,0.6,Random Forest,0.4,High Risk,TP
AMAR,2014,1,1,1,1,0.6,Random Forest,0.4,High Risk,TP
AMAR,2014,1,1,1,1,0.6,Random Forest,0.4,High Risk,TP
AMAR,2014,1,1,1,1,0.6,Random Forest,0.4,High Risk,TP
ARTO,2014,1,1,1,1,0.6,Random Forest,0.4,High Risk,TP
ARTO,2014,1,1,1,1,0.6,Random Forest,0.4,High Risk,TP
ARTO,2014,1,1,1,1,0.6,Random Forest,0.4,High Risk,TP
ARTO,2014,1,1,1,1,0.6,Random Forest,0.4,High Risk,TP
BABP,2014,1,0,1,1,0.6,Random Forest,0.4,High Risk,FP
BABP,2014,1,0,1,1,0.6,Random Forest,0.4,High Risk,FP
BANK,2014,1,1,1,1,0.6,Random Forest,0.4,High Risk,TP
BANK,2014,1,1,1,1,0.6,Random Forest,0.4,High Risk,TP
BANK,2014,1,1,1,1,0.6,Random Forest,0.4,High Risk,TP
BANK,2014,1,1,1,1,0.6,Random Forest,0.4,High Risk,TP
BBHI,2014,1,1,1,1,0.6,Random Forest,0.4,High Risk,TP
BBHI,2014,1,1,1,1,0.6,Random Forest,0.4,High Risk,TP
BBHI,2014,1,1,1,1,0.6,Random Forest,0.4,High Risk,TP
BBHI,2014,1,1,1,1,0.6,Random Forest,0.4,High Risk,TP
BBKP,2014,1,1,1,1,0.6,Random Forest,0.4,High Risk,TP
BBKP,2014,1,1,1,1,0.6,Random Forest,0.4,High Risk,TP
BBKP,2014,1,1,1,1,0.6,Random Forest,0.4,High Risk,TP
BBKP,2014,1,1,1,1,0.6,Random Forest,0.4,High Risk,TP
BBSI,2014,1,0,1,1,0.6,Random Forest,0.4,High Risk,FP
BBSI,2014,1,0,1,1,0.6,Random Forest,0.4,High Risk,FP
BBSI,2014,1,0,1,1,0.6,Random Forest,0.4,High Risk,FP
BBYB,2014,1,1,1,1,0.6,Random Forest,0.4,High Risk,TP
BBYB,2014,1,1,1,1,0.6,Random Forest,0.4,High Risk,TP
BBYB,2014,1,1,1,1,0.6,Random Forest,0.4,High Risk,TP
BBYB,2014,1,1,1,1,0.6,Random Forest,0.4,High Risk,TP
BCIC,2014,1,1,1,1,0.6,Random Forest,0.4,High Risk,TP
BCIC,2014,1,1,1,1,0.6,Random Forest,0.4,High Risk,TP
BCIC,2014,1,1,1,1,0.6,Random Forest,0.4,High Risk,TP
BCIC,2014,1,1,1,1,0.6,Random Forest,0.4,High Risk,TP
BEKS,2014,1,0,1,1,0.6,Random Forest,0.4,High Risk,FP
BEKS,2014,1,0,1,1,0.6,Random Forest,0.4,High Risk,FP
BGTG,2014,1,0,1,1,0.6,Random Forest,0.4,High Risk,FP
BGTG,2014,1,0,1,1,0.6,Random Forest,0.4,High Risk,FP
BGTG,2014,1,0,1,1,0.6,Random Forest,0.4,High Risk,FP
BGTG,2014,1,0,1,1,0.6,Random Forest,0.4,High Risk,FP
BKSW,2014,1,1,1,1,0.6,Random Forest,0.4,High Risk,TP
BKSW,2014,1,1,1,1,0.6,Random Forest,0.4,High Risk,TP
BKSW,2014,1,1,1,1,0.6,Random Forest,0.4,High Risk,TP
BKSW,2014,1,1,1,1,0.6,Random Forest,0.4,High Risk,TP
BTPS,2014,1,0,1,1,0.6,Random Forest,0.4,High Risk,FP
BTPS,2014,1,0,1,1,0.6,Random Forest,0.4,High Risk,FP
BTPS,2014,1,0,1,1,0.6,Random Forest,0.4,High Risk,FP
BVIC,2014,1,0,1,1,0.6,Random Forest,0.4,High Risk,FP
DNAR,2014,1,0,1,1,0.6,Random Forest,0.4,High Risk,FP
PNBS,2014,1,1,1,1,0.6,Random Forest,0.4,High Risk,TP
PNBS,2014,1,1,1,1,0.6,Random Forest,0.4,High Risk,TP
PNBS,2014,1,1,1,1,0.6,Random Forest,0.4,High Risk,TP
PNBS,2014,1,1,1,1,0.6,Random Forest,0.4,High Risk,TP
SDRA,2014,1,0,1,1,0.6,Random Forest,0.4,High Risk,FP
SDRA,2014,1,0,1,1,0.6,Random Forest,0.4,High Risk,FP
BABP,2014,1,0,0,0,-0.4,Random Forest,0.4,Low Risk,TN
BABP,2014,1,0,0,0,-0.4,Random Forest,0.4,Low Risk,TN
BACA,2014,1,0,0,0,-0.4,Random Forest,0.4,Low Risk,TN
BACA,2014,1,0,0,0,-0.4,Random Forest,0.4,Low Risk,TN
BACA,2014,1,0,0,0,-0.4,Random Forest,0.4,Low Risk,TN
BACA,2014,1,0,0,0,-0.4,Random Forest,0.4,Low Risk,TN
BBCA,2014,1,0,0,0,-0.4,Random Forest,0.4,Low Risk,TN
BBCA,2014,1,0,0,0,-0.4,Random Forest,0.4,Low Risk,TN
BBCA,2014,1,0,0,0,-0.4,Random Forest,0.4,Low Risk,TN
BBCA,2014,1,0,0,0,-0.4,Random Forest,0.4,Low Risk,TN
BBMD,2014,1,0,0,0,-0.4,Random Forest,0.4,Low Risk,TN
BBMD,2014,1,0,0,0,-0.4,Random Forest,0.4,Low Risk,TN
BBMD,2014,1,0,0,0,-0.4,Random Forest,0.4,Low Risk,TN
BBMD,2014,1,0,0,0,-0.4,Random Forest,0.4,Low Risk,TN
BBNI,2014,1,0,0,0,-0.4,Random Forest,0.4,Low Risk,TN
BBNI,2014,1,0,0,0,-0.4,Random Forest,0.4,Low Risk,TN
BBNI,2014,1,0,0,0,-0.4,Random Forest,0.4,Low Risk,TN
BBNI,2014,1,0,0,0,-0.4,Random Forest,0.4,Low Risk,TN
BBRI,2014,1,0,0,0,-0.4,Random Forest,0.4,Low Risk,TN
BBRI,2014,1,0,0,0,-0.4,Random Forest,0.4,Low Risk,TN
BBRI,2014,1,0,0,0,-0.4,Random Forest,0.4,Low Risk,TN
BBRI,2014,1,0,0,0,-0.4,Random Forest,0.4,Low Risk,TN
BBSI,2014,1,0,0,0,-0.4,Random Forest,0.4,Low Risk,TN
BBTN,2014,1,0,0,0,-0.4,Random Forest,0.4,Low Risk,TN
BBTN,2014,1,0,0,0,-0.4,Random Forest,0.4,Low Risk,TN
BBTN,2014,1,0,0,0,-0.4,Random Forest,0.4,Low Risk,TN
BBTN,2014,1,0,0,0,-0.4,Random Forest,0.4,Low Risk,TN
BDMN,2014,1,0,0,0,-0.4,Random Forest,0.4,Low Risk,TN
BDMN,2014,1,0,0,0,-0.4,Random Forest,0.4,Low Risk,TN
BDMN,2014,1,0,0,0,-0.4,Random Forest,0.4,Low Risk,TN
BDMN,2014,1,0,0,0,-0.4,Random Forest,0.4,Low Risk,TN
BEKS,2014,1,0,0,0,-0.4,Random Forest,0.4,Low Risk,TN
BEKS,2014,1,0,0,0,-0.4,Random Forest,0.4,Low Risk,TN
BINA,2014,1,0,0,0,-0.4,Random Forest,0.4,Low Risk,TN
BINA,2014,1,0,0,0,-0.4,Random Forest,0.4,Low Risk,TN
BINA,2014,1,0,0,0,-0.4,Random Forest,0.4,Low Risk,TN
BINA,2014,1,0,0,0,-0.4,Random Forest,0.4,Low Risk,TN
BJBR,2014,1,0,0,0,-0.4,Random Forest,0.4,Low Risk,TN
BJBR,2014,1,0,0,0,-0.4,Random Forest,0.4,Low Risk,TN
BJBR,2014,1,0,0,0,-0.4,Random Forest,0.4,Low Risk,TN
BJBR,2014,1,0,0,0,-0.4,Random Forest,0.4,Low Risk,TN
BJTM,2014,1,0,0,0,-0.4,Random Forest,0.4,Low Risk,TN
BJTM,2014,1,0,0,0,-0.4,Random Forest,0.4,Low Risk,TN
BJTM,2014,1,0,0,0,-0.4,Random Forest,0.4,Low Risk,TN
BJTM,2014,1,0,0,0,-0.4,Random Forest,0.4,Low Risk,TN
BMAS,2014,1,0,0,0,-0.4,Random Forest,0.4,Low Risk,TN
BMAS,2014,1,0,0,0,-0.4,Random Forest,0.4,Low Risk,TN
BMAS,2014,1,0,0,0,-0.4,Random Forest,0.4,Low Risk,TN
BMAS,2014,1,0,0,0,-0.4,Random Forest,0.4,Low Risk,TN
BMRI,2014,1,0,0,0,-0.4,Random Forest,0.4,Low Risk,TN
BMRI,2014,1,0,0,0,-0.4,Random Forest,0.4,Low Risk,TN
BMRI,2014,1,0,0,0,-0.4,Random Forest,0.4,Low Risk,TN
BMRI,2014,1,0,0,0,-0.4,Random Forest,0.4,Low Risk,TN
BNBA,2014,1,0,0,0,-0.4,Random Forest,0.4,Low Risk,TN
BNBA,2014,1,0,0,0,-0.4,Random Forest,0.4,Low Risk,TN
BNBA,2014,1,0,0,0,-0.4,Random Forest,0.4,Low Risk,TN
BNBA,2014,1,0,0,0,-0.4,Random Forest,0.4,Low Risk,TN
BNGA,2014,1,0,0,0,-0.4,Random Forest,0.4,Low Risk,TN
BNGA,2014,1,0,0,0,-0.4,Random Forest,0.4,Low Risk,TN
BNGA,2014,1,0,0,0,-0.4,Random Forest,0.4,Low Risk,TN
BNGA,2014,1,0,0,0,-0.4,Random Forest,0.4,Low Risk,TN
BNII,2014,1,0,0,0,-0.4,Random Forest,0.4,Low Risk,TN
BNII,2014,1,0,0,0,-0.4,Random Forest,0.4,Low Risk,TN
BNII,2014,1,0,0,0,-0.4,Random Forest,0.4,Low Risk,TN
BNII,2014,1,0,0,0,-0.4,Random Forest,0.4,Low Risk,TN
BNLI,2014,1,0,0,0,-0.4,Random Forest,0.4,Low Risk,TN
BNLI,2014,1,0,0,0,-0.4,Random Forest,0.4,Low Risk,TN
BNLI,2014,1,0,0,0,-0.4,Random Forest,0.4,Low Risk,TN
BNLI,2014,1,0,0,0,-0.4,Random Forest,0.4,Low Risk,TN
BRIS,2014,1,0,0,0,-0.4,Random Forest,0.4,Low Risk,TN
BRIS,2014,1,0,0,0,-0.4,Random Forest,0.4,Low Risk,TN
BRIS,2014,1,0,0,0,-0.4,Random Forest,0.4,Low Risk,TN
BRIS,2014,1,0,0,0,-0.4,Random Forest,0.4,Low Risk,TN
BSIM,2014,1,0,0,0,-0.4,Random Forest,0.4,Low Risk,TN
BSIM,2014,1,0,0,0,-0.4,Random Forest,0.4,Low Risk,TN
BSIM,2014,1,0,0,0,-0.4,Random Forest,0.4,Low Risk,TN
BSIM,2014,1,0,0,0,-0.4,Random Forest,0.4,Low Risk,TN
BTPN,2014,1,0,0,0,-0.4,Random Forest,0.4,Low Risk,TN
BTPN,2014,1,0,0,0,-0.4,Random Forest,0.4,Low Risk,TN
BTPN,2014,1,0,0,0,-0.4,Random Forest,0.4,Low Risk,TN
BTPN,2014,1,0,0,0,-0.4,Random Forest,0.4,Low Risk,TN
BTPS,2014,1,0,0,0,-0.4,Random Forest,0.4,Low Risk,TN
BVIC,2014,1,0,0,0,-0.4,Random Forest,0.4,Low Risk,TN
BVIC,2014,1,0,0,0,-0.4,Random Forest,0.4,Low Risk,TN
BVIC,2014,1,0,0,0,-0.4,Random Forest,0.4,Low Risk,TN
DNAR,2014,1,0,0,0,-0.4,Random Forest,0.4,Low Risk,TN
DNAR,2014,1,0,0,0,-0.4,Random Forest,0.4,Low Risk,TN
DNAR,2014,1,0,0,0,-0.4,Random Forest,0.4,Low Risk,TN
INPC,2014,1,0,0,0,-0.4,Random Forest,0.4,Low Risk,TN
INPC,2014,1,0,0,0,-0.4,Random Forest,0.4,Low Risk,TN
INPC,2014,1,0,0,0,-0.4,Random Forest,0.4,Low Risk,TN
INPC,2014,1,0,0,0,-0.4,Random Forest,0.4,Low Risk,TN
MAYA,2014,1,0,0,0,-0.4,Random Forest,0.4,Low Risk,TN
MAYA,2014,1,0,0,0,-0.4,Random Forest,0.4,Low Risk,TN
MAYA,2014,1,0,0,0,-0.4,Random Forest,0.4,Low Risk,TN
MAYA,2014,1,0,0,0,-0.4,Random Forest,0.4,Low Risk,TN
MCOR,2014,1,0,0,0,-0.4,Random Forest,0.4,Low Risk,TN
MCOR,2014,1,0,0,0,-0.4,Random Forest,0.4,Low Risk,TN
MCOR,2014,1,0,0,0,-0.4,Random Forest,0.4,Low Risk,TN
MCOR,2014,1,0,0,0,-0.4,Random Forest,0.4,Low Risk,TN
MEGA,2014,1,0,0,0,-0.4,Random Forest,0.4,Low Risk,TN
MEGA,2014,1,0,0,0,-0.4,Random Forest,0.4,Low Risk,TN
MEGA,2014,1,0,0,0,-0.4,Random Forest,0.4,Low Risk,TN
MEGA,2014,1,0,0,0,-0.4,Random Forest,0.4,Low Risk,TN
NISP,2014,1,0,0,0,-0.4,Random Forest,0.4,Low Risk,TN
NISP,2014,1,0,0,0,-0.4,Random Forest,0.4,Low Risk,TN
NISP,2014,1,0,0,0,-0.4,Random Forest,0.4,Low Risk,TN
NISP,2014,1,0,0,0,-0.4,Random Forest,0.4,Low Risk,TN
NOBU,2014,1,0,0,0,-0.4,Random Forest,0.4,Low Risk,TN
NOBU,2014,1,0,0,0,-0.4,Random Forest,0.4,Low Risk,TN
NOBU,2014,1,0,0,0,-0.4,Random Forest,0.4,Low Risk,TN
NOBU,2014,1,0,0,0,-0.4,Random Forest,0.4,Low Risk,TN
PNBN,2014,1,0,0,0,-0.4,Random Forest,0.4,Low Risk,TN
PNBN,2014,1,0,0,0,-0.4,Random Forest,0.4,Low Risk,TN
PNBN,2014,1,0,0,0,-0.4,Random Forest,0.4,Low Risk,TN
PNBN,2014,1,0,0,0,-0.4,Random Forest,0.4,Low Risk,TN
SDRA,2014,1,0,0,0,-0.4,Random Forest,0.4,Low Risk,TN
SDRA,2014,1,0,0,0,-0.4,Random Forest,0.4,Low Risk,TN
AGRO,2015,1,1,1,1,0.6,Random Forest,0.4,High Risk,TP
AGRO,2015,1,1,1,1,0.6,Random Forest,0.4,High Risk,TP
AGRO,2015,1,1,1,1,0.6,Random Forest,0.4,High Risk,TP
AGRO,2015,1,1,1,1,0.6,Random Forest,0.4,High Risk,TP
AGRS,2015,1,1,1,1,0.6,Random Forest,0.4,High Risk,TP
AGRS,2015,1,1,1,1,0.6,Random Forest,0.4,High Risk,TP
AGRS,2015,1,1,1,1,0.6,Random Forest,0.4,High Risk,TP
AGRS,2015,1,1,1,1,0.6,Random Forest,0.4,High Risk,TP
AMAR,2015,1,1,1,1,0.6,Random Forest,0.4,High Risk,TP
AMAR,2015,1,1,1,1,0.6,Random Forest,0.4,High Risk,TP
AMAR,2015,1,1,1,1,0.6,Random Forest,0.4,High Risk,TP
AMAR,2015,1,1,1,1,0.6,Random Forest,0.4,High Risk,TP
ARTO,2015,1,1,1,1,0.6,Random Forest,0.4,High Risk,TP
ARTO,2015,1,1,1,1,0.6,Random Forest,0.4,High Risk,TP
ARTO,2015,1,1,1,1,0.6,Random Forest,0.4,High Risk,TP
ARTO,2015,1,1,1,1,0.6,Random Forest,0.4,High Risk,TP
BABP,2015,1,0,1,1,0.6,Random Forest,0.4,High Risk,FP
BANK,2015,1,1,1,1,0.6,Random Forest,0.4,High Risk,TP
BANK,2015,1,1,1,1,0.6,Random Forest,0.4,High Risk,TP
BANK,2015,1,1,1,1,0.6,Random Forest,0.4,High Risk,TP
BANK,2015,1,1,1,1,0.6,Random Forest,0.4,High Risk,TP
BBHI,2015,1,1,1,1,0.6,Random Forest,0.4,High Risk,TP
BBHI,2015,1,1,1,1,0.6,Random Forest,0.4,High Risk,TP
BBHI,2015,1,1,1,1,0.6,Random Forest,0.4,High Risk,TP
BBHI,2015,1,1,1,1,0.6,Random Forest,0.4,High Risk,TP
BBKP,2015,1,1,1,1,0.6,Random Forest,0.4,High Risk,TP
BBKP,2015,1,1,1,1,0.6,Random Forest,0.4,High Risk,TP
BBKP,2015,1,1,1,1,0.6,Random Forest,0.4,High Risk,TP
BBKP,2015,1,1,1,1,0.6,Random Forest,0.4,High Risk,TP
BBYB,2015,1,1,1,1,0.6,Random Forest,0.4,High Risk,TP
BBYB,2015,1,1,1,1,0.6,Random Forest,0.4,High Risk,TP
BBYB,2015,1,1,1,1,0.6,Random Forest,0.4,High Risk,TP
BBYB,2015,1,1,1,1,0.6,Random Forest,0.4,High Risk,TP
BCIC,2015,1,1,1,1,0.6,Random Forest,0.4,High Risk,TP
BCIC,2015,1,1,1,1,0.6,Random Forest,0.4,High Risk,TP
BCIC,2015,1,1,1,1,0.6,Random Forest,0.4,High Risk,TP
BCIC,2015,1,1,1,1,0.6,Random Forest,0.4,High Risk,TP
BEKS,2015,1,0,1,1,0.6,Random Forest,0.4,High Risk,FP
BEKS,2015,1,0,1,1,0.6,Random Forest,0.4,High Risk,FP
BEKS,2015,1,0,1,1,0.6,Random Forest,0.4,High Risk,FP
BEKS,2015,1,0,1,1,0.6,Random Forest,0.4,High Risk,FP
BKSW,2015,1,1,1,1,0.6,Random Forest,0.4,High Risk,TP
BKSW,2015,1,1,1,1,0.6,Random Forest,0.4,High Risk,TP
BKSW,2015,1,1,1,1,0.6,Random Forest,0.4,High Risk,TP
BKSW,2015,1,1,1,1,0.6,Random Forest,0.4,High Risk,TP
BMAS,2015,1,0,1,1,0.6,Random Forest,0.4,High Risk,FP
PNBS,2015,1,1,1,1,0.6,Random Forest,0.4,High Risk,TP
PNBS,2015,1,1,1,1,0.6,Random Forest,0.4,High Risk,TP
PNBS,2015,1,1,1,1,0.6,Random Forest,0.4,High Risk,TP
PNBS,2015,1,1,1,1,0.6,Random Forest,0.4,High Risk,TP
BABP,2015,1,0,0,0,-0.4,Random Forest,0.4,Low Risk,TN
BABP,2015,1,0,0,0,-0.4,Random Forest,0.4,Low Risk,TN
BABP,2015,1,0,0,0,-0.4,Random Forest,0.4,Low Risk,TN
BACA,2015,1,0,0,0,-0.4,Random Forest,0.4,Low Risk,TN
BACA,2015,1,0,0,0,-0.4,Random Forest,0.4,Low Risk,TN
BACA,2015,1,0,0,0,-0.4,Random Forest,0.4,Low Risk,TN
BACA,2015,1,0,0,0,-0.4,Random Forest,0.4,Low Risk,TN
BBCA,2015,1,0,0,0,-0.4,Random Forest,0.4,Low Risk,TN
BBCA,2015,1,0,0,0,-0.4,Random Forest,0.4,Low Risk,TN
BBCA,2015,1,0,0,0,-0.4,Random Forest,0.4,Low Risk,TN
BBCA,2015,1,0,0,0,-0.4,Random Forest,0.4,Low Risk,TN
BBMD,2015,1,0,0,0,-0.4,Random Forest,0.4,Low Risk,TN
BBMD,2015,1,0,0,0,-0.4,Random Forest,0.4,Low Risk,TN
BBMD,2015,1,0,0,0,-0.4,Random Forest,0.4,Low Risk,TN
BBMD,2015,1,0,0,0,-0.4,Random Forest,0.4,Low Risk,TN
BBNI,2015,1,0,0,0,-0.4,Random Forest,0.4,Low Risk,TN
BBNI,2015,1,0,0,0,-0.4,Random Forest,0.4,Low Risk,TN
BBNI,2015,1,0,0,0,-0.4,Random Forest,0.4,Low Risk,TN
BBNI,2015,1,0,0,0,-0.4,Random Forest,0.4,Low Risk,TN
BBRI,2015,1,0,0,0,-0.4,Random Forest,0.4,Low Risk,TN
BBRI,2015,1,0,0,0,-0.4,Random Forest,0.4,Low Risk,TN
BBRI,2015,1,0,0,0,-0.4,Random Forest,0.4,Low Risk,TN
BBRI,2015,1,0,0,0,-0.4,Random Forest,0.4,Low Risk,TN
BBSI,2015,1,0,0,0,-0.4,Random Forest,0.4,Low Risk,TN
BBSI,2015,1,0,0,0,-0.4,Random Forest,0.4,Low Risk,TN
BBSI,2015,1,0,0,0,-0.4,Random Forest,0.4,Low Risk,TN
BBSI,2015,1,0,0,0,-0.4,Random Forest,0.4,Low Risk,TN
BBTN,2015,1,0,0,0,-0.4,Random Forest,0.4,Low Risk,TN
BBTN,2015,1,0,0,0,-0.4,Random Forest,0.4,Low Risk,TN
BBTN,2015,1,0,0,0,-0.4,Random Forest,0.4,Low Risk,TN
BBTN,2015,1,0,0,0,-0.4,Random Forest,0.4,Low Risk,TN
BDMN,2015,1,0,0,0,-0.4,Random Forest,0.4,Low Risk,TN
BDMN,2015,1,0,0,0,-0.4,Random Forest,0.4,Low Risk,TN
BDMN,2015,1,0,0,0,-0.4,Random Forest,0.4,Low Risk,TN
BDMN,2015,1,0,0,0,-0.4,Random Forest,0.4,Low Risk,TN
BINA,2015,1,0,0,0,-0.4,Random Forest,0.4,Low Risk,TN
BINA,2015,1,0,0,0,-0.4,Random Forest,0.4,Low Risk,TN
BINA,2015,1,0,0,0,-0.4,Random Forest,0.4,Low Risk,TN
BINA,2015,1,0,0,0,-0.4,Random Forest,0.4,Low Risk,TN
BJBR,2015,1,0,0,0,-0.4,Random Forest,0.4,Low Risk,TN
BJBR,2015,1,0,0,0,-0.4,Random Forest,0.4,Low Risk,TN
BJBR,2015,1,0,0,0,-0.4,Random Forest,0.4,Low Risk,TN
BJBR,2015,1,0,0,0,-0.4,Random Forest,0.4,Low Risk,TN
BJTM,2015,1,0,0,0,-0.4,Random Forest,0.4,Low Risk,TN
BJTM,2015,1,0,0,0,-0.4,Random Forest,0.4,Low Risk,TN
BJTM,2015,1,0,0,0,-0.4,Random Forest,0.4,Low Risk,TN
BJTM,2015,1,0,0,0,-0.4,Random Forest,0.4,Low Risk,TN
BMAS,2015,1,0,0,0,-0.4,Random Forest,0.4,Low Risk,TN
BMAS,2015,1,0,0,0,-0.4,Random Forest,0.4,Low Risk,TN
BMAS,2015,1,0,0,0,-0.4,Random Forest,0.4,Low Risk,TN
BMRI,2015,1,0,0,0,-0.4,Random Forest,0.4,Low Risk,TN
BMRI,2015,1,0,0,0,-0.4,Random Forest,0.4,Low Risk,TN
BMRI,2015,1,0,0,0,-0.4,Random Forest,0.4,Low Risk,TN
BMRI,2015,1,0,0,0,-0.4,Random Forest,0.4,Low Risk,TN
BNBA,2015,1,0,0,0,-0.4,Random Forest,0.4,Low Risk,TN
BNBA,2015,1,0,0,0,-0.4,Random Forest,0.4,Low Risk,TN
BNBA,2015,1,0,0,0,-0.4,Random Forest,0.4,Low Risk,TN
BNBA,2015,1,0,0,0,-0.4,Random Forest,0.4,Low Risk,TN
BNGA,2015,1,0,0,0,-0.4,Random Forest,0.4,Low Risk,TN
BNGA,2015,1,0,0,0,-0.4,Random Forest,0.4,Low Risk,TN
BNGA,2015,1,0,0,0,-0.4,Random Forest,0.4,Low Risk,TN
BNGA,2015,1,0,0,0,-0.4,Random Forest,0.4,Low Risk,TN
BNII,2015,1,0,0,0,-0.4,Random Forest,0.4,Low Risk,TN
BNII,2015,1,0,0,0,-0.4,Random Forest,0.4,Low Risk,TN
BNII,2015,1,0,0,0,-0.4,Random Forest,0.4,Low Risk,TN
BNII,2015,1,0,0,0,-0.4,Random Forest,0.4,Low Risk,TN
BNLI,2015,1,0,0,0,-0.4,Random Forest,0.4,Low Risk,TN
BNLI,2015,1,0,0,0,-0.4,Random Forest,0.4,Low Risk,TN
BNLI,2015,1,0,0,0,-0.4,Random Forest,0.4,Low Risk,TN
BNLI,2015,1,0,0,0,-0.4,Random Forest,0.4,Low Risk,TN
BRIS,2015,1,0,0,0,-0.4,Random Forest,0.4,Low Risk,TN
BRIS,2015,1,0,0,0,-0.4,Random Forest,0.4,Low Risk,TN
BRIS,2015,1,0,0,0,-0.4,Random Forest,0.4,Low Risk,TN
BRIS,2015,1,0,0,0,-0.4,Random Forest,0.4,Low Risk,TN
BSIM,2015,1,0,0,0,-0.4,Random Forest,0.4,Low Risk,TN
BSIM,2015,1,0,0,0,-0.4,Random Forest,0.4,Low Risk,TN
BSIM,2015,1,0,0,0,-0.4,Random Forest,0.4,Low Risk,TN
BSIM,2015,1,0,0,0,-0.4,Random Forest,0.4,Low Risk,TN
BTPN,2015,1,0,0,0,-0.4,Random Forest,0.4,Low Risk,TN
BTPN,2015,1,0,0,0,-0.4,Random Forest,0.4,Low Risk,TN
BTPN,2015,1,0,0,0,-0.4,Random Forest,0.4,Low Risk,TN
BTPN,2015,1,0,0,0,-0.4,Random Forest,0.4,Low Risk,TN
BTPS,2015,1,0,0,0,-0.4,Random Forest,0.4,Low Risk,TN
BTPS,2015,1,0,0,0,-0.4,Random Forest,0.4,Low Risk,TN
BTPS,2015,1,0,0,0,-0.4,Random Forest,0.4,Low Risk,TN
BTPS,2015,1,0,0,0,-0.4,Random Forest,0.4,Low Risk,TN
BVIC,2015,1,0,0,0,-0.4,Random Forest,0.4,Low Risk,TN
BVIC,2015,1,0,0,0,-0.4,Random Forest,0.4,Low Risk,TN
BVIC,2015,1,0,0,0,-0.4,Random Forest,0.4,Low Risk,TN
BVIC,2015,1,0,0,0,-0.4,Random Forest,0.4,Low Risk,TN
DNAR,2015,1,0,0,0,-0.4,Random Forest,0.4,Low Risk,TN
DNAR,2015,1,0,0,0,-0.4,Random Forest,0.4,Low Risk,TN
DNAR,2015,1,0,0,0,-0.4,Random Forest,0.4,Low Risk,TN
DNAR,2015,1,0,0,0,-0.4,Random Forest,0.4,Low Risk,TN
INPC,2015,1,0,0,0,-0.4,Random Forest,0.4,Low Risk,TN
INPC,2015,1,0,0,0,-0.4,Random Forest,0.4,Low Risk,TN
INPC,2015,1,0,0,0,-0.4,Random Forest,0.4,Low Risk,TN
INPC,2015,1,0,0,0,-0.4,Random Forest,0.4,Low Risk,TN
MAYA,2015,1,0,0,0,-0.4,Random Forest,0.4,Low Risk,TN
MAYA,2015,1,0,0,0,-0.4,Random Forest,0.4,Low Risk,TN
MAYA,2015,1,0,0,0,-0.4,Random Forest,0.4,Low Risk,TN
MAYA,2015,1,0,0,0,-0.4,Random Forest,0.4,Low Risk,TN
MCOR,2015,1,0,0,0,-0.4,Random Forest,0.4,Low Risk,TN
MCOR,2015,1,0,0,0,-0.4,Random Forest,0.4,Low Risk,TN
MCOR,2015,1,0,0,0,-0.4,Random Forest,0.4,Low Risk,TN
MCOR,2015,1,0,0,0,-0.4,Random Forest,0.4,Low Risk,TN
MEGA,2015,1,0,0,0,-0.4,Random Forest,0.4,Low Risk,TN
MEGA,2015,1,0,0,0,-0.4,Random Forest,0.4,Low Risk,TN
MEGA,2015,1,0,0,0,-0.4,Random Forest,0.4,Low Risk,TN
MEGA,2015,1,0,0,0,-0.4,Random Forest,0.4,Low Risk,TN
NISP,2015,1,0,0,0,-0.4,Random Forest,0.4,Low Risk,TN
NISP,2015,1,0,0,0,-0.4,Random Forest,0.4,Low Risk,TN
NISP,2015,1,0,0,0,-0.4,Random Forest,0.4,Low Risk,TN
NISP,2015,1,0,0,0,-0.4,Random Forest,0.4,Low Risk,TN
NOBU,2015,1,0,0,0,-0.4,Random Forest,0.4,Low Risk,TN
NOBU,2015,1,0,0,0,-0.4,Random Forest,0.4,Low Risk,TN
NOBU,2015,1,0,0,0,-0.4,Random Forest,0.4,Low Risk,TN
NOBU,2015,1,0,0,0,-0.4,Random Forest,0.4,Low Risk,TN
PNBN,2015,1,0,0,0,-0.4,Random Forest,0.4,Low Risk,TN
PNBN,2015,1,0,0,0,-0.4,Random Forest,0.4,Low Risk,TN
PNBN,2015,1,0,0,0,-0.4,Random Forest,0.4,Low Risk,TN
PNBN,2015,1,0,0,0,-0.4,Random Forest,0.4,Low Risk,TN
SDRA,2015,1,0,0,0,-0.4,Random Forest,0.4,Low Risk,TN
SDRA,2015,1,0,0,0,-0.4,Random Forest,0.4,Low Risk,TN
SDRA,2015,1,0,0,0,-0.4,Random Forest,0.4,Low Risk,TN
SDRA,2015,1,0,0,0,-0.4,Random Forest,0.4,Low Risk,TN
AGRO,2016,1,1,1,1,0.6,Random Forest,0.4,High Risk,TP
AGRO,2016,1,1,1,1,0.6,Random Forest,0.4,High Risk,TP
AGRO,2016,1,1,1,1,0.6,Random Forest,0.4,High Risk,TP
AGRO,2016,1,1,1,1,0.6,Random Forest,0.4,High Risk,TP
AGRS,2016,1,1,1,1,0.6,Random Forest,0.4,High Risk,TP
AGRS,2016,1,1,1,1,0.6,Random Forest,0.4,High Risk,TP
AGRS,2016,1,1,1,1,0.6,Random Forest,0.4,High Risk,TP
AGRS,2016,1,1,1,1,0.6,Random Forest,0.4,High Risk,TP
AMAR,2016,1,1,1,1,0.6,Random Forest,0.4,High Risk,TP
AMAR,2016,1,1,1,1,0.6,Random Forest,0.4,High Risk,TP
AMAR,2016,1,1,1,1,0.6,Random Forest,0.4,High Risk,TP
AMAR,2016,1,1,1,1,0.6,Random Forest,0.4,High Risk,TP
ARTO,2016,1,1,1,1,0.6,Random Forest,0.4,High Risk,TP
ARTO,2016,1,1,1,1,0.6,Random Forest,0.4,High Risk,TP
ARTO,2016,1,1,1,1,0.6,Random Forest,0.4,High Risk,TP
ARTO,2016,1,1,1,1,0.6,Random Forest,0.4,High Risk,TP
BACA,2016,1,0,1,1,0.6,Random Forest,0.4,High Risk,FP
BANK,2016,1,1,1,1,0.6,Random Forest,0.4,High Risk,TP
BANK,2016,1,1,1,1,0.6,Random Forest,0.4,High Risk,TP
BANK,2016,1,1,1,1,0.6,Random Forest,0.4,High Risk,TP
BANK,2016,1,1,1,1,0.6,Random Forest,0.4,High Risk,TP
BBHI,2016,1,1,1,1,0.6,Random Forest,0.4,High Risk,TP
BBHI,2016,1,1,1,1,0.6,Random Forest,0.4,High Risk,TP
BBHI,2016,1,1,1,1,0.6,Random Forest,0.4,High Risk,TP
BBHI,2016,1,1,1,1,0.6,Random Forest,0.4,High Risk,TP
BBKP,2016,1,1,1,1,0.6,Random Forest,0.4,High Risk,TP
BBKP,2016,1,1,1,1,0.6,Random Forest,0.4,High Risk,TP
BBKP,2016,1,1,1,1,0.6,Random Forest,0.4,High Risk,TP
BBKP,2016,1,1,1,1,0.6,Random Forest,0.4,High Risk,TP
BBYB,2016,1,1,1,1,0.6,Random Forest,0.4,High Risk,TP
BBYB,2016,1,1,1,1,0.6,Random Forest,0.4,High Risk,TP
BBYB,2016,1,1,1,1,0.6,Random Forest,0.4,High Risk,TP
BBYB,2016,1,1,1,1,0.6,Random Forest,0.4,High Risk,TP
BCIC,2016,1,1,1,1,0.6,Random Forest,0.4,High Risk,TP
BCIC,2016,1,1,1,1,0.6,Random Forest,0.4,High Risk,TP
BCIC,2016,1,1,1,1,0.6,Random Forest,0.4,High Risk,TP
BCIC,2016,1,1,1,1,0.6,Random Forest,0.4,High Risk,TP
BEKS,2016,1,0,1,1,0.6,Random Forest,0.4,High Risk,FP
BEKS,2016,1,0,1,1,0.6,Random Forest,0.4,High Risk,FP
BEKS,2016,1,0,1,1,0.6,Random Forest,0.4,High Risk,FP
BEKS,2016,1,0,1,1,0.6,Random Forest,0.4,High Risk,FP
BINA,2016,1,0,1,1,0.6,Random Forest,0.4,High Risk,FP
BKSW,2016,1,1,1,1,0.6,Random Forest,0.4,High Risk,TP
BKSW,2016,1,1,1,1,0.6,Random Forest,0.4,High Risk,TP
BKSW,2016,1,1,1,1,0.6,Random Forest,0.4,High Risk,TP
BKSW,2016,1,1,1,1,0.6,Random Forest,0.4,High Risk,TP
PNBS,2016,1,1,1,1,0.6,Random Forest,0.4,High Risk,TP
PNBS,2016,1,1,1,1,0.6,Random Forest,0.4,High Risk,TP
PNBS,2016,1,1,1,1,0.6,Random Forest,0.4,High Risk,TP
PNBS,2016,1,1,1,1,0.6,Random Forest,0.4,High Risk,TP
BABP,2016,1,0,0,0,-0.4,Random Forest,0.4,Low Risk,TN
BABP,2016,1,0,0,0,-0.4,Random Forest,0.4,Low Risk,TN
BABP,2016,1,0,0,0,-0.4,Random Forest,0.4,Low Risk,TN
BABP,2016,1,1,0,0,-0.4,Random Forest,0.4,Low Risk,FN
BACA,2016,1,0,0,0,-0.4,Random Forest,0.4,Low Risk,TN
BACA,2016,1,0,0,0,-0.4,Random Forest,0.4,Low Risk,TN
BACA,2016,1,0,0,0,-0.4,Random Forest,0.4,Low Risk,TN
BBCA,2016,1,0,0,0,-0.4,Random Forest,0.4,Low Risk,TN
BBCA,2016,1,0,0,0,-0.4,Random Forest,0.4,Low Risk,TN
BBCA,2016,1,0,0,0,-0.4,Random Forest,0.4,Low Risk,TN
BBCA,2016,1,0,0,0,-0.4,Random Forest,0.4,Low Risk,TN
BBMD,2016,1,0,0,0,-0.4,Random Forest,0.4,Low Risk,TN
BBMD,2016,1,0,0,0,-0.4,Random Forest,0.4,Low Risk,TN
BBMD,2016,1,0,0,0,-0.4,Random Forest,0.4,Low Risk,TN
BBMD,2016,1,0,0,0,-0.4,Random Forest,0.4,Low Risk,TN
BBNI,2016,1,0,0,0,-0.4,Random Forest,0.4,Low Risk,TN
BBNI,2016,1,0,0,0,-0.4,Random Forest,0.4,Low Risk,TN
BBNI,2016,1,0,0,0,-0.4,Random Forest,0.4,Low Risk,TN
BBNI,2016,1,0,0,0,-0.4,Random Forest,0.4,Low Risk,TN
BBRI,2016,1,0,0,0,-0.4,Random Forest,0.4,Low Risk,TN
BBRI,2016,1,0,0,0,-0.4,Random Forest,0.4,Low Risk,TN
BBRI,2016,1,0,0,0,-0.4,Random Forest,0.4,Low Risk,TN
BBRI,2016,1,0,0,0,-0.4,Random Forest,0.4,Low Risk,TN
BBSI,2016,1,0,0,0,-0.4,Random Forest,0.4,Low Risk,TN
BBSI,2016,1,0,0,0,-0.4,Random Forest,0.4,Low Risk,TN
BBSI,2016,1,0,0,0,-0.4,Random Forest,0.4,Low Risk,TN
BBSI,2016,1,0,0,0,-0.4,Random Forest,0.4,Low Risk,TN
BBTN,2016,1,0,0,0,-0.4,Random Forest,0.4,Low Risk,TN
BBTN,2016,1,0,0,0,-0.4,Random Forest,0.4,Low Risk,TN
BBTN,2016,1,0,0,0,-0.4,Random Forest,0.4,Low Risk,TN
BBTN,2016,1,0,0,0,-0.4,Random Forest,0.4,Low Risk,TN
BDMN,2016,1,0,0,0,-0.4,Random Forest,0.4,Low Risk,TN
BDMN,2016,1,0,0,0,-0.4,Random Forest,0.4,Low Risk,TN
BDMN,2016,1,0,0,0,-0.4,Random Forest,0.4,Low Risk,TN
BDMN,2016,1,0,0,0,-0.4,Random Forest,0.4,Low Risk,TN
BGTG,2016,1,0,0,0,-0.4,Random Forest,0.4,Low Risk,TN
BGTG,2016,1,0,0,0,-0.4,Random Forest,0.4,Low Risk,TN
BGTG,2016,1,0,0,0,-0.4,Random Forest,0.4,Low Risk,TN
BGTG,2016,1,0,0,0,-0.4,Random Forest,0.4,Low Risk,TN
BINA,2016,1,0,0,0,-0.4,Random Forest,0.4,Low Risk,TN
BINA,2016,1,0,0,0,-0.4,Random Forest,0.4,Low Risk,TN
BINA,2016,1,0,0,0,-0.4,Random Forest,0.4,Low Risk,TN
BJBR,2016,1,0,0,0,-0.4,Random Forest,0.4,Low Risk,TN
BJBR,2016,1,0,0,0,-0.4,Random Forest,0.4,Low Risk,TN
BJBR,2016,1,0,0,0,-0.4,Random Forest,0.4,Low Risk,TN
BJBR,2016,1,0,0,0,-0.4,Random Forest,0.4,Low Risk,TN
BJTM,2016,1,0,0,0,-0.4,Random Forest,0.4,Low Risk,TN
BJTM,2016,1,0,0,0,-0.4,Random Forest,0.4,Low Risk,TN
BJTM,2016,1,0,0,0,-0.4,Random Forest,0.4,Low Risk,TN
BJTM,2016,1,0,0,0,-0.4,Random Forest,0.4,Low Risk,TN
BMAS,2016,1,0,0,0,-0.4,Random Forest,0.4,Low Risk,TN
BMAS,2016,1,0,0,0,-0.4,Random Forest,0.4,Low Risk,TN
BMAS,2016,1,0,0,0,-0.4,Random Forest,0.4,Low Risk,TN
BMAS,2016,1,0,0,0,-0.4,Random Forest,0.4,Low Risk,TN
BMRI,2016,1,0,0,0,-0.4,Random Forest,0.4,Low Risk,TN
BMRI,2016,1,0,0,0,-0.4,Random Forest,0.4,Low Risk,TN
BMRI,2016,1,0,0,0,-0.4,Random Forest,0.4,Low Risk,TN
BMRI,2016,1,0,0,0,-0.4,Random Forest,0.4,Low Risk,TN
BNBA,2016,1,0,0,0,-0.4,Random Forest,0.4,Low Risk,TN
BNBA,2016,1,0,0,0,-0.4,Random Forest,0.4,Low Risk,TN
BNBA,2016,1,0,0,0,-0.4,Random Forest,0.4,Low Risk,TN
BNBA,2016,1,0,0,0,-0.4,Random Forest,0.4,Low Risk,TN
BNGA,2016,1,0,0,0,-0.4,Random Forest,0.4,Low Risk,TN
BNGA,2016,1,0,0,0,-0.4,Random Forest,0.4,Low Risk,TN
BNGA,2016,1,0,0,0,-0.4,Random Forest,0.4,Low Risk,TN
BNGA,2016,1,0,0,0,-0.4,Random Forest,0.4,Low Risk,TN
BNII,2016,1,0,0,0,-0.4,Random Forest,0.4,Low Risk,TN
BNII,2016,1,0,0,0,-0.4,Random Forest,0.4,Low Risk,TN
BNII,2016,1,0,0,0,-0.4,Random Forest,0.4,Low Risk,TN
BNII,2016,1,0,0,0,-0.4,Random Forest,0.4,Low Risk,TN
BNLI,2016,1,0,0,0,-0.4,Random Forest,0.4,Low Risk,TN
BNLI,2016,1,0,0,0,-0.4,Random Forest,0.4,Low Risk,TN
BNLI,2016,1,0,0,0,-0.4,Random Forest,0.4,Low Risk,TN
BNLI,2016,1,0,0,0,-0.4,Random Forest,0.4,Low Risk,TN
BRIS,2016,1,0,0,0,-0.4,Random Forest,0.4,Low Risk,TN
BRIS,2016,1,0,0,0,-0.4,Random Forest,0.4,Low Risk,TN
BRIS,2016,1,0,0,0,-0.4,Random Forest,0.4,Low Risk,TN
BRIS,2016,1,0,0,0,-0.4,Random Forest,0.4,Low Risk,TN
BSIM,2016,1,0,0,0,-0.4,Random Forest,0.4,Low Risk,TN
BSIM,2016,1,0,0,0,-0.4,Random Forest,0.4,Low Risk,TN
BSIM,2016,1,0,0,0,-0.4,Random Forest,0.4,Low Risk,TN
BSIM,2016,1,0,0,0,-0.4,Random Forest,0.4,Low Risk,TN
BTPN,2016,1,0,0,0,-0.4,Random Forest,0.4,Low Risk,TN
BTPN,2016,1,0,0,0,-0.4,Random Forest,0.4,Low Risk,TN
BTPN,2016,1,0,0,0,-0.4,Random Forest,0.4,Low Risk,TN
BTPN,2016,1,0,0,0,-0.4,Random Forest,0.4,Low Risk,TN
BTPS,2016,1,0,0,0,-0.4,Random Forest,0.4,Low Risk,TN
BTPS,2016,1,0,0,0,-0.4,Random Forest,0.4,Low Risk,TN
BTPS,2016,1,0,0,0,-0.4,Random Forest,0.4,Low Risk,TN
BTPS,2016,1,0,0,0,-0.4,Random Forest,0.4,Low Risk,TN
BVIC,2016,1,0,0,0,-0.4,Random Forest,0.4,Low Risk,TN
BVIC,2016,1,0,0,0,-0.4,Random Forest,0.4,Low Risk,TN
BVIC,2016,1,0,0,0,-0.4,Random Forest,0.4,Low Risk,TN
BVIC,2016,1,0,0,0,-0.4,Random Forest,0.4,Low Risk,TN
DNAR,2016,1,0,0,0,-0.4,Random Forest,0.4,Low Risk,TN
DNAR,2016,1,0,0,0,-0.4,Random Forest,0.4,Low Risk,TN
DNAR,2016,1,0,0,0,-0.4,Random Forest,0.4,Low Risk,TN
DNAR,2016,1,0,0,0,-0.4,Random Forest,0.4,Low Risk,TN
INPC,2016,1,0,0,0,-0.4,Random Forest,0.4,Low Risk,TN
INPC,2016,1,0,0,0,-0.4,Random Forest,0.4,Low Risk,TN
INPC,2016,1,0,0,0,-0.4,Random Forest,0.4,Low Risk,TN
INPC,2016,1,0,0,0,-0.4,Random Forest,0.4,Low Risk,TN
MAYA,2016,1,0,0,0,-0.4,Random Forest,0.4,Low Risk,TN
MAYA,2016,1,0,0,0,-0.4,Random Forest,0.4,Low Risk,TN
MAYA,2016,1,0,0,0,-0.4,Random Forest,0.4,Low Risk,TN
MAYA,2016,1,0,0,0,-0.4,Random Forest,0.4,Low Risk,TN
MCOR,2016,1,0,0,0,-0.4,Random Forest,0.4,Low Risk,TN
MCOR,2016,1,0,0,0,-0.4,Random Forest,0.4,Low Risk,TN
MCOR,2016,1,0,0,0,-0.4,Random Forest,0.4,Low Risk,TN
MCOR,2016,1,0,0,0,-0.4,Random Forest,0.4,Low Risk,TN
MEGA,2016,1,0,0,0,-0.4,Random Forest,0.4,Low Risk,TN
MEGA,2016,1,0,0,0,-0.4,Random Forest,0.4,Low Risk,TN
MEGA,2016,1,0,0,0,-0.4,Random Forest,0.4,Low Risk,TN
MEGA,2016,1,0,0,0,-0.4,Random Forest,0.4,Low Risk,TN
NISP,2016,1,0,0,0,-0.4,Random Forest,0.4,Low Risk,TN
NISP,2016,1,0,0,0,-0.4,Random Forest,0.4,Low Risk,TN
NISP,2016,1,0,0,0,-0.4,Random Forest,0.4,Low Risk,TN
NISP,2016,1,0,0,0,-0.4,Random Forest,0.4,Low Risk,TN
NOBU,2016,1,0,0,0,-0.4,Random Forest,0.4,Low Risk,TN
NOBU,2016,1,0,0,0,-0.4,Random Forest,0.4,Low Risk,TN
NOBU,2016,1,0,0,0,-0.4,Random Forest,0.4,Low Risk,TN
NOBU,2016,1,0,0,0,-0.4,Random Forest,0.4,Low Risk,TN
PNBN,2016,1,0,0,0,-0.4,Random Forest,0.4,Low Risk,TN
PNBN,2016,1,0,0,0,-0.4,Random Forest,0.4,Low Risk,TN
PNBN,2016,1,0,0,0,-0.4,Random Forest,0.4,Low Risk,TN
PNBN,2016,1,0,0,0,-0.4,Random Forest,0.4,Low Risk,TN
SDRA,2016,1,0,0,0,-0.4,Random Forest,0.4,Low Risk,TN
SDRA,2016,1,0,0,0,-0.4,Random Forest,0.4,Low Risk,TN
SDRA,2016,1,0,0,0,-0.4,Random Forest,0.4,Low Risk,TN
SDRA,2016,1,0,0,0,-0.4,Random Forest,0.4,Low Risk,TN
AGRO,2017,1,1,1,1,0.6,Random Forest,0.4,High Risk,TP
AGRO,2017,1,1,1,1,0.6,Random Forest,0.4,High Risk,TP
AGRO,2017,1,1,1,1,0.6,Random Forest,0.4,High Risk,TP
AGRO,2017,1,1,1,1,0.6,Random Forest,0.4,High Risk,TP
AGRS,2017,1,1,1,1,0.6,Random Forest,0.4,High Risk,TP
AGRS,2017,1,1,1,1,0.6,Random Forest,0.4,High Risk,TP
AGRS,2017,1,1,1,1,0.6,Random Forest,0.4,High Risk,TP
AGRS,2017,1,1,1,1,0.6,Random Forest,0.4,High Risk,TP
AMAR,2017,1,1,1,1,0.6,Random Forest,0.4,High Risk,TP
AMAR,2017,1,1,1,1,0.6,Random Forest,0.4,High Risk,TP
AMAR,2017,1,1,1,1,0.6,Random Forest,0.4,High Risk,TP
AMAR,2017,1,1,1,1,0.6,Random Forest,0.4,High Risk,TP
ARTO,2017,1,1,1,1,0.6,Random Forest,0.4,High Risk,TP
ARTO,2017,1,1,1,1,0.6,Random Forest,0.4,High Risk,TP
ARTO,2017,1,1,1,1,0.6,Random Forest,0.4,High Risk,TP
ARTO,2017,1,1,1,1,0.6,Random Forest,0.4,High Risk,TP
BABP,2017,1,0,1,1,0.6,Random Forest,0.4,High Risk,FP
BABP,2017,1,0,1,1,0.6,Random Forest,0.4,High Risk,FP
BANK,2017,1,1,1,1,0.6,Random Forest,0.4,High Risk,TP
BANK,2017,1,1,1,1,0.6,Random Forest,0.4,High Risk,TP
BANK,2017,1,1,1,1,0.6,Random Forest,0.4,High Risk,TP
BANK,2017,1,1,1,1,0.6,Random Forest,0.4,High Risk,TP
BBHI,2017,1,1,1,1,0.6,Random Forest,0.4,High Risk,TP
BBHI,2017,1,1,1,1,0.6,Random Forest,0.4,High Risk,TP
BBHI,2017,1,1,1,1,0.6,Random Forest,0.4,High Risk,TP
BBHI,2017,1,1,1,1,0.6,Random Forest,0.4,High Risk,TP
BBKP,2017,1,1,1,1,0.6,Random Forest,0.4,High Risk,TP
BBKP,2017,1,1,1,1,0.6,Random Forest,0.4,High Risk,TP
BBKP,2017,1,1,1,1,0.6,Random Forest,0.4,High Risk,TP
BBKP,2017,1,1,1,1,0.6,Random Forest,0.4,High Risk,TP
BBYB,2017,1,1,1,1,0.6,Random Forest,0.4,High Risk,TP
BBYB,2017,1,1,1,1,0.6,Random Forest,0.4,High Risk,TP
BBYB,2017,1,1,1,1,0.6,Random Forest,0.4,High Risk,TP
BBYB,2017,1,1,1,1,0.6,Random Forest,0.4,High Risk,TP
BCIC,2017,1,1,1,1,0.6,Random Forest,0.4,High Risk,TP
BCIC,2017,1,1,1,1,0.6,Random Forest,0.4,High Risk,TP
BCIC,2017,1,1,1,1,0.6,Random Forest,0.4,High Risk,TP
BEKS,2017,1,0,1,1,0.6,Random Forest,0.4,High Risk,FP
BEKS,2017,1,0,1,1,0.6,Random Forest,0.4,High Risk,FP
BEKS,2017,1,0,1,1,0.6,Random Forest,0.4,High Risk,FP
BEKS,2017,1,0,1,1,0.6,Random Forest,0.4,High Risk,FP
BKSW,2017,1,1,1,1,0.6,Random Forest,0.4,High Risk,TP
BKSW,2017,1,1,1,1,0.6,Random Forest,0.4,High Risk,TP
BKSW,2017,1,1,1,1,0.6,Random Forest,0.4,High Risk,TP
BKSW,2017,1,1,1,1,0.6,Random Forest,0.4,High Risk,TP
PNBS,2017,1,1,1,1,0.6,Random Forest,0.4,High Risk,TP
PNBS,2017,1,1,1,1,0.6,Random Forest,0.4,High Risk,TP
PNBS,2017,1,1,1,1,0.6,Random Forest,0.4,High Risk,TP
PNBS,2017,1,1,1,1,0.6,Random Forest,0.4,High Risk,TP
BABP,2017,1,0,0,0,-0.4,Random Forest,0.4,Low Risk,TN
BABP,2017,1,0,0,0,-0.4,Random Forest,0.4,Low Risk,TN
BACA,2017,1,0,0,0,-0.4,Random Forest,0.4,Low Risk,TN
BACA,2017,1,0,0,0,-0.4,Random Forest,0.4,Low Risk,TN
BACA,2017,1,0,0,0,-0.4,Random Forest,0.4,Low Risk,TN
BACA,2017,1,0,0,0,-0.4,Random Forest,0.4,Low Risk,TN
BBCA,2017,1,0,0,0,-0.4,Random Forest,0.4,Low Risk,TN
BBCA,2017,1,0,0,0,-0.4,Random Forest,0.4,Low Risk,TN
BBCA,2017,1,0,0,0,-0.4,Random Forest,0.4,Low Risk,TN
BBCA,2017,1,0,0,0,-0.4,Random Forest,0.4,Low Risk,TN
BBMD,2017,1,0,0,0,-0.4,Random Forest,0.4,Low Risk,TN
BBMD,2017,1,0,0,0,-0.4,Random Forest,0.4,Low Risk,TN
BBMD,2017,1,0,0,0,-0.4,Random Forest,0.4,Low Risk,TN
BBMD,2017,1,0,0,0,-0.4,Random Forest,0.4,Low Risk,TN
BBNI,2017,1,0,0,0,-0.4,Random Forest,0.4,Low Risk,TN
BBNI,2017,1,0,0,0,-0.4,Random Forest,0.4,Low Risk,TN
BBNI,2017,1,0,0,0,-0.4,Random Forest,0.4,Low Risk,TN
BBNI,2017,1,0,0,0,-0.4,Random Forest,0.4,Low Risk,TN
BBRI,2017,1,0,0,0,-0.4,Random Forest,0.4,Low Risk,TN
BBRI,2017,1,0,0,0,-0.4,Random Forest,0.4,Low Risk,TN
BBRI,2017,1,0,0,0,-0.4,Random Forest,0.4,Low Risk,TN
BBRI,2017,1,0,0,0,-0.4,Random Forest,0.4,Low Risk,TN
BBSI,2017,1,0,0,0,-0.4,Random Forest,0.4,Low Risk,TN
BBSI,2017,1,0,0,0,-0.4,Random Forest,0.4,Low Risk,TN
BBSI,2017,1,0,0,0,-0.4,Random Forest,0.4,Low Risk,TN
BBSI,2017,1,0,0,0,-0.4,Random Forest,0.4,Low Risk,TN
BBTN,2017,1,0,0,0,-0.4,Random Forest,0.4,Low Risk,TN
BBTN,2017,1,0,0,0,-0.4,Random Forest,0.4,Low Risk,TN
BBTN,2017,1,0,0,0,-0.4,Random Forest,0.4,Low Risk,TN
BBTN,2017,1,0,0,0,-0.4,Random Forest,0.4,Low Risk,TN
BCIC,2017,1,0,0,0,-0.4,Random Forest,0.4,Low Risk,TN
BDMN,2017,1,0,0,0,-0.4,Random Forest,0.4,Low Risk,TN
BDMN,2017,1,0,0,0,-0.4,Random Forest,0.4,Low Risk,TN
BDMN,2017,1,0,0,0,-0.4,Random Forest,0.4,Low Risk,TN
BDMN,2017,1,0,0,0,-0.4,Random Forest,0.4,Low Risk,TN
BGTG,2017,1,0,0,0,-0.4,Random Forest,0.4,Low Risk,TN
BGTG,2017,1,0,0,0,-0.4,Random Forest,0.4,Low Risk,TN
BGTG,2017,1,0,0,0,-0.4,Random Forest,0.4,Low Risk,TN
BGTG,2017,1,0,0,0,-0.4,Random Forest,0.4,Low Risk,TN
BINA,2017,1,0,0,0,-0.4,Random Forest,0.4,Low Risk,TN
BINA,2017,1,0,0,0,-0.4,Random Forest,0.4,Low Risk,TN
BINA,2017,1,0,0,0,-0.4,Random Forest,0.4,Low Risk,TN
BINA,2017,1,0,0,0,-0.4,Random Forest,0.4,Low Risk,TN
BJBR,2017,1,0,0,0,-0.4,Random Forest,0.4,Low Risk,TN
BJBR,2017,1,0,0,0,-0.4,Random Forest,0.4,Low Risk,TN
BJBR,2017,1,0,0,0,-0.4,Random Forest,0.4,Low Risk,TN
BJBR,2017,1,0,0,0,-0.4,Random Forest,0.4,Low Risk,TN
BJTM,2017,1,0,0,0,-0.4,Random Forest,0.4,Low Risk,TN
BJTM,2017,1,0,0,0,-0.4,Random Forest,0.4,Low Risk,TN
BJTM,2017,1,0,0,0,-0.4,Random Forest,0.4,Low Risk,TN
BJTM,2017,1,0,0,0,-0.4,Random Forest,0.4,Low Risk,TN
BMAS,2017,1,0,0,0,-0.4,Random Forest,0.4,Low Risk,TN
BMAS,2017,1,0,0,0,-0.4,Random Forest,0.4,Low Risk,TN
BMAS,2017,1,0,0,0,-0.4,Random Forest,0.4,Low Risk,TN
BMAS,2017,1,0,0,0,-0.4,Random Forest,0.4,Low Risk,TN
BMRI,2017,1,0,0,0,-0.4,Random Forest,0.4,Low Risk,TN
BMRI,2017,1,0,0,0,-0.4,Random Forest,0.4,Low Risk,TN
BMRI,2017,1,0,0,0,-0.4,Random Forest,0.4,Low Risk,TN
BMRI,2017,1,0,0,0,-0.4,Random Forest,0.4,Low Risk,TN
BNBA,2017,1,0,0,0,-0.4,Random Forest,0.4,Low Risk,TN
BNBA,2017,1,0,0,0,-0.4,Random Forest,0.4,Low Risk,TN
BNBA,2017,1,0,0,0,-0.4,Random Forest,0.4,Low Risk,TN
BNBA,2017,1,0,0,0,-0.4,Random Forest,0.4,Low Risk,TN
BNGA,2017,1,0,0,0,-0.4,Random Forest,0.4,Low Risk,TN
BNGA,2017,1,0,0,0,-0.4,Random Forest,0.4,Low Risk,TN
BNGA,2017,1,0,0,0,-0.4,Random Forest,0.4,Low Risk,TN
BNGA,2017,1,0,0,0,-0.4,Random Forest,0.4,Low Risk,TN
BNII,2017,1,0,0,0,-0.4,Random Forest,0.4,Low Risk,TN
BNII,2017,1,0,0,0,-0.4,Random Forest,0.4,Low Risk,TN
BNII,2017,1,0,0,0,-0.4,Random Forest,0.4,Low Risk,TN
BNII,2017,1,0,0,0,-0.4,Random Forest,0.4,Low Risk,TN
BNLI,2017,1,0,0,0,-0.4,Random Forest,0.4,Low Risk,TN
BNLI,2017,1,0,0,0,-0.4,Random Forest,0.4,Low Risk,TN
BNLI,2017,1,0,0,0,-0.4,Random Forest,0.4,Low Risk,TN
BNLI,2017,1,0,0,0,-0.4,Random Forest,0.4,Low Risk,TN
BRIS,2017,1,0,0,0,-0.4,Random Forest,0.4,Low Risk,TN
BRIS,2017,1,0,0,0,-0.4,Random Forest,0.4,Low Risk,TN
BRIS,2017,1,0,0,0,-0.4,Random Forest,0.4,Low Risk,TN
BRIS,2017,1,0,0,0,-0.4,Random Forest,0.4,Low Risk,TN
BSIM,2017,1,0,0,0,-0.4,Random Forest,0.4,Low Risk,TN
BSIM,2017,1,0,0,0,-0.4,Random Forest,0.4,Low Risk,TN
BSIM,2017,1,0,0,0,-0.4,Random Forest,0.4,Low Risk,TN
BSIM,2017,1,0,0,0,-0.4,Random Forest,0.4,Low Risk,TN
BTPN,2017,1,0,0,0,-0.4,Random Forest,0.4,Low Risk,TN
BTPN,2017,1,0,0,0,-0.4,Random Forest,0.4,Low Risk,TN
BTPN,2017,1,0,0,0,-0.4,Random Forest,0.4,Low Risk,TN
BTPN,2017,1,0,0,0,-0.4,Random Forest,0.4,Low Risk,TN
BTPS,2017,1,0,0,0,-0.4,Random Forest,0.4,Low Risk,TN
BTPS,2017,1,0,0,0,-0.4,Random Forest,0.4,Low Risk,TN
BTPS,2017,1,0,0,0,-0.4,Random Forest,0.4,Low Risk,TN
BTPS,2017,1,0,0,0,-0.4,Random Forest,0.4,Low Risk,TN
BVIC,2017,1,0,0,0,-0.4,Random Forest,0.4,Low Risk,TN
BVIC,2017,1,0,0,0,-0.4,Random Forest,0.4,Low Risk,TN
BVIC,2017,1,0,0,0,-0.4,Random Forest,0.4,Low Risk,TN
BVIC,2017,1,0,0,0,-0.4,Random Forest,0.4,Low Risk,TN
DNAR,2017,1,0,0,0,-0.4,Random Forest,0.4,Low Risk,TN
DNAR,2017,1,0,0,0,-0.4,Random Forest,0.4,Low Risk,TN
DNAR,2017,1,0,0,0,-0.4,Random Forest,0.4,Low Risk,TN
DNAR,2017,1,0,0,0,-0.4,Random Forest,0.4,Low Risk,TN
INPC,2017,1,0,0,0,-0.4,Random Forest,0.4,Low Risk,TN
INPC,2017,1,0,0,0,-0.4,Random Forest,0.4,Low Risk,TN
INPC,2017,1,0,0,0,-0.4,Random Forest,0.4,Low Risk,TN
INPC,2017,1,0,0,0,-0.4,Random Forest,0.4,Low Risk,TN
MAYA,2017,1,0,0,0,-0.4,Random Forest,0.4,Low Risk,TN
MAYA,2017,1,0,0,0,-0.4,Random Forest,0.4,Low Risk,TN
MAYA,2017,1,0,0,0,-0.4,Random Forest,0.4,Low Risk,TN
MAYA,2017,1,0,0,0,-0.4,Random Forest,0.4,Low Risk,TN
MCOR,2017,1,0,0,0,-0.4,Random Forest,0.4,Low Risk,TN
MCOR,2017,1,0,0,0,-0.4,Random Forest,0.4,Low Risk,TN
MCOR,2017,1,0,0,0,-0.4,Random Forest,0.4,Low Risk,TN
MCOR,2017,1,0,0,0,-0.4,Random Forest,0.4,Low Risk,TN
MEGA,2017,1,0,0,0,-0.4,Random Forest,0.4,Low Risk,TN
MEGA,2017,1,0,0,0,-0.4,Random Forest,0.4,Low Risk,TN
MEGA,2017,1,0,0,0,-0.4,Random Forest,0.4,Low Risk,TN
MEGA,2017,1,0,0,0,-0.4,Random Forest,0.4,Low Risk,TN
NISP,2017,1,0,0,0,-0.4,Random Forest,0.4,Low Risk,TN
NISP,2017,1,0,0,0,-0.4,Random Forest,0.4,Low Risk,TN
NISP,2017,1,0,0,0,-0.4,Random Forest,0.4,Low Risk,TN
NISP,2017,1,0,0,0,-0.4,Random Forest,0.4,Low Risk,TN
NOBU,2017,1,0,0,0,-0.4,Random Forest,0.4,Low Risk,TN
NOBU,2017,1,0,0,0,-0.4,Random Forest,0.4,Low Risk,TN
NOBU,2017,1,0,0,0,-0.4,Random Forest,0.4,Low Risk,TN
NOBU,2017,1,0,0,0,-0.4,Random Forest,0.4,Low Risk,TN
PNBN,2017,1,0,0,0,-0.4,Random Forest,0.4,Low Risk,TN
PNBN,2017,1,0,0,0,-0.4,Random Forest,0.4,Low Risk,TN
PNBN,2017,1,0,0,0,-0.4,Random Forest,0.4,Low Risk,TN
PNBN,2017,1,0,0,0,-0.4,Random Forest,0.4,Low Risk,TN
SDRA,2017,1,0,0,0,-0.4,Random Forest,0.4,Low Risk,TN
SDRA,2017,1,0,0,0,-0.4,Random Forest,0.4,Low Risk,TN
SDRA,2017,1,0,0,0,-0.4,Random Forest,0.4,Low Risk,TN
SDRA,2017,1,0,0,0,-0.4,Random Forest,0.4,Low Risk,TN
AGRO,2018,1,1,1,1,0.6,Random Forest,0.4,High Risk,TP
AGRO,2018,1,1,1,1,0.6,Random Forest,0.4,High Risk,TP
AGRO,2018,1,1,1,1,0.6,Random Forest,0.4,High Risk,TP
AGRO,2018,1,1,1,1,0.6,Random Forest,0.4,High Risk,TP
AGRS,2018,1,1,1,1,0.6,Random Forest,0.4,High Risk,TP
AGRS,2018,1,1,1,1,0.6,Random Forest,0.4,High Risk,TP
AGRS,2018,1,1,1,1,0.6,Random Forest,0.4,High Risk,TP
AGRS,2018,1,1,1,1,0.6,Random Forest,0.4,High Risk,TP
AMAR,2018,1,1,1,1,0.6,Random Forest,0.4,High Risk,TP
AMAR,2018,1,1,1,1,0.6,Random Forest,0.4,High Risk,TP
AMAR,2018,1,1,1,1,0.6,Random Forest,0.4,High Risk,TP
AMAR,2018,1,1,1,1,0.6,Random Forest,0.4,High Risk,TP
ARTO,2018,1,1,1,1,0.6,Random Forest,0.4,High Risk,TP
ARTO,2018,1,1,1,1,0.6,Random Forest,0.4,High Risk,TP
ARTO,2018,1,1,1,1,0.6,Random Forest,0.4,High Risk,TP
ARTO,2018,1,1,1,1,0.6,Random Forest,0.4,High Risk,TP
BABP,2018,1,0,1,1,0.6,Random Forest,0.4,High Risk,FP
BABP,2018,1,0,1,1,0.6,Random Forest,0.4,High Risk,FP
BABP,2018,1,0,1,1,0.6,Random Forest,0.4,High Risk,FP
BANK,2018,1,1,1,1,0.6,Random Forest,0.4,High Risk,TP
BANK,2018,1,1,1,1,0.6,Random Forest,0.4,High Risk,TP
BANK,2018,1,1,1,1,0.6,Random Forest,0.4,High Risk,TP
BANK,2018,1,1,1,1,0.6,Random Forest,0.4,High Risk,TP
BBHI,2018,1,1,1,1,0.6,Random Forest,0.4,High Risk,TP
BBHI,2018,1,1,1,1,0.6,Random Forest,0.4,High Risk,TP
BBHI,2018,1,1,1,1,0.6,Random Forest,0.4,High Risk,TP
BBHI,2018,1,1,1,1,0.6,Random Forest,0.4,High Risk,TP
BBKP,2018,1,1,1,1,0.6,Random Forest,0.4,High Risk,TP
BBKP,2018,1,1,1,1,0.6,Random Forest,0.4,High Risk,TP
BBKP,2018,1,1,1,1,0.6,Random Forest,0.4,High Risk,TP
BBKP,2018,1,1,1,1,0.6,Random Forest,0.4,High Risk,TP
BBYB,2018,1,1,1,1,0.6,Random Forest,0.4,High Risk,TP
BBYB,2018,1,1,1,1,0.6,Random Forest,0.4,High Risk,TP
BBYB,2018,1,1,1,1,0.6,Random Forest,0.4,High Risk,TP
BBYB,2018,1,1,1,1,0.6,Random Forest,0.4,High Risk,TP
BCIC,2018,1,1,1,1,0.6,Random Forest,0.4,High Risk,TP
BCIC,2018,1,1,1,1,0.6,Random Forest,0.4,High Risk,TP
BCIC,2018,1,1,1,1,0.6,Random Forest,0.4,High Risk,TP
BCIC,2018,1,1,1,1,0.6,Random Forest,0.4,High Risk,TP
BEKS,2018,1,0,1,1,0.6,Random Forest,0.4,High Risk,FP
BEKS,2018,1,0,1,1,0.6,Random Forest,0.4,High Risk,FP
BEKS,2018,1,0,1,1,0.6,Random Forest,0.4,High Risk,FP
BEKS,2018,1,0,1,1,0.6,Random Forest,0.4,High Risk,FP
BGTG,2018,1,0,1,1,0.6,Random Forest,0.4,High Risk,FP
BKSW,2018,1,1,1,1,0.6,Random Forest,0.4,High Risk,TP
BKSW,2018,1,1,1,1,0.6,Random Forest,0.4,High Risk,TP
BKSW,2018,1,1,1,1,0.6,Random Forest,0.4,High Risk,TP
BKSW,2018,1,1,1,1,0.6,Random Forest,0.4,High Risk,TP
PNBS,2018,1,1,1,1,0.6,Random Forest,0.4,High Risk,TP
PNBS,2018,1,1,1,1,0.6,Random Forest,0.4,High Risk,TP
PNBS,2018,1,1,1,1,0.6,Random Forest,0.4,High Risk,TP
PNBS,2018,1,1,1,1,0.6,Random Forest,0.4,High Risk,TP
BABP,2018,1,0,0,0,-0.4,Random Forest,0.4,Low Risk,TN
BACA,2018,1,0,0,0,-0.4,Random Forest,0.4,Low Risk,TN
BACA,2018,1,0,0,0,-0.4,Random Forest,0.4,Low Risk,TN
BACA,2018,1,0,0,0,-0.4,Random Forest,0.4,Low Risk,TN
BACA,2018,1,0,0,0,-0.4,Random Forest,0.4,Low Risk,TN
BBCA,2018,1,0,0,0,-0.4,Random Forest,0.4,Low Risk,TN
BBCA,2018,1,0,0,0,-0.4,Random Forest,0.4,Low Risk,TN
BBCA,2018,1,0,0,0,-0.4,Random Forest,0.4,Low Risk,TN
BBCA,2018,1,0,0,0,-0.4,Random Forest,0.4,Low Risk,TN
BBMD,2018,1,0,0,0,-0.4,Random Forest,0.4,Low Risk,TN
BBMD,2018,1,0,0,0,-0.4,Random Forest,0.4,Low Risk,TN
BBMD,2018,1,0,0,0,-0.4,Random Forest,0.4,Low Risk,TN
BBMD,2018,1,0,0,0,-0.4,Random Forest,0.4,Low Risk,TN
BBNI,2018,1,0,0,0,-0.4,Random Forest,0.4,Low Risk,TN
BBNI,2018,1,0,0,0,-0.4,Random Forest,0.4,Low Risk,TN
BBNI,2018,1,0,0,0,-0.4,Random Forest,0.4,Low Risk,TN
BBNI,2018,1,0,0,0,-0.4,Random Forest,0.4,Low Risk,TN
BBRI,2018,1,0,0,0,-0.4,Random Forest,0.4,Low Risk,TN
BBRI,2018,1,0,0,0,-0.4,Random Forest,0.4,Low Risk,TN
BBRI,2018,1,0,0,0,-0.4,Random Forest,0.4,Low Risk,TN
BBRI,2018,1,0,0,0,-0.4,Random Forest,0.4,Low Risk,TN
BBSI,2018,1,0,0,0,-0.4,Random Forest,0.4,Low Risk,TN
BBSI,2018,1,0,0,0,-0.4,Random Forest,0.4,Low Risk,TN
BBSI,2018,1,0,0,0,-0.4,Random Forest,0.4,Low Risk,TN
BBSI,2018,1,0,0,0,-0.4,Random Forest,0.4,Low Risk,TN
BBTN,2018,1,0,0,0,-0.4,Random Forest,0.4,Low Risk,TN
BBTN,2018,1,0,0,0,-0.4,Random Forest,0.4,Low Risk,TN
BBTN,2018,1,0,0,0,-0.4,Random Forest,0.4,Low Risk,TN
BBTN,2018,1,0,0,0,-0.4,Random Forest,0.4,Low Risk,TN
BDMN,2018,1,0,0,0,-0.4,Random Forest,0.4,Low Risk,TN
BDMN,2018,1,0,0,0,-0.4,Random Forest,0.4,Low Risk,TN
BDMN,2018,1,0,0,0,-0.4,Random Forest,0.4,Low Risk,TN
BDMN,2018,1,0,0,0,-0.4,Random Forest,0.4,Low Risk,TN
BGTG,2018,1,0,0,0,-0.4,Random Forest,0.4,Low Risk,TN
BGTG,2018,1,0,0,0,-0.4,Random Forest,0.4,Low Risk,TN
BGTG,2018,1,0,0,0,-0.4,Random Forest,0.4,Low Risk,TN
BINA,2018,1,0,0,0,-0.4,Random Forest,0.4,Low Risk,TN
BINA,2018,1,0,0,0,-0.4,Random Forest,0.4,Low Risk,TN
BINA,2018,1,0,0,0,-0.4,Random Forest,0.4,Low Risk,TN
BINA,2018,1,0,0,0,-0.4,Random Forest,0.4,Low Risk,TN
BJBR,2018,1,0,0,0,-0.4,Random Forest,0.4,Low Risk,TN
BJBR,2018,1,0,0,0,-0.4,Random Forest,0.4,Low Risk,TN
BJBR,2018,1,0,0,0,-0.4,Random Forest,0.4,Low Risk,TN
BJBR,2018,1,0,0,0,-0.4,Random Forest,0.4,Low Risk,TN
BJTM,2018,1,0,0,0,-0.4,Random Forest,0.4,Low Risk,TN
BJTM,2018,1,0,0,0,-0.4,Random Forest,0.4,Low Risk,TN
BJTM,2018,1,0,0,0,-0.4,Random Forest,0.4,Low Risk,TN
BJTM,2018,1,0,0,0,-0.4,Random Forest,0.4,Low Risk,TN
BMAS,2018,1,0,0,0,-0.4,Random Forest,0.4,Low Risk,TN
BMAS,2018,1,0,0,0,-0.4,Random Forest,0.4,Low Risk,TN
BMAS,2018,1,0,0,0,-0.4,Random Forest,0.4,Low Risk,TN
BMAS,2018,1,0,0,0,-0.4,Random Forest,0.4,Low Risk,TN
BMRI,2018,1,0,0,0,-0.4,Random Forest,0.4,Low Risk,TN
BMRI,2018,1,0,0,0,-0.4,Random Forest,0.4,Low Risk,TN
BMRI,2018,1,0,0,0,-0.4,Random Forest,0.4,Low Risk,TN
BMRI,2018,1,0,0,0,-0.4,Random Forest,0.4,Low Risk,TN
BNBA,2018,1,0,0,0,-0.4,Random Forest,0.4,Low Risk,TN
BNBA,2018,1,0,0,0,-0.4,Random Forest,0.4,Low Risk,TN
BNBA,2018,1,0,0,0,-0.4,Random Forest,0.4,Low Risk,TN
BNBA,2018,1,0,0,0,-0.4,Random Forest,0.4,Low Risk,TN
BNGA,2018,1,0,0,0,-0.4,Random Forest,0.4,Low Risk,TN
BNGA,2018,1,0,0,0,-0.4,Random Forest,0.4,Low Risk,TN
BNGA,2018,1,0,0,0,-0.4,Random Forest,0.4,Low Risk,TN
BNGA,2018,1,0,0,0,-0.4,Random Forest,0.4,Low Risk,TN
BNII,2018,1,0,0,0,-0.4,Random Forest,0.4,Low Risk,TN
BNII,2018,1,0,0,0,-0.4,Random Forest,0.4,Low Risk,TN
BNII,2018,1,0,0,0,-0.4,Random Forest,0.4,Low Risk,TN
BNII,2018,1,0,0,0,-0.4,Random Forest,0.4,Low Risk,TN
BNLI,2018,1,0,0,0,-0.4,Random Forest,0.4,Low Risk,TN
BNLI,2018,1,0,0,0,-0.4,Random Forest,0.4,Low Risk,TN
BNLI,2018,1,0,0,0,-0.4,Random Forest,0.4,Low Risk,TN
BNLI,2018,1,0,0,0,-0.4,Random Forest,0.4,Low Risk,TN
BRIS,2018,1,0,0,0,-0.4,Random Forest,0.4,Low Risk,TN
BRIS,2018,1,0,0,0,-0.4,Random Forest,0.4,Low Risk,TN
BRIS,2018,1,0,0,0,-0.4,Random Forest,0.4,Low Risk,TN
BRIS,2018,1,0,0,0,-0.4,Random Forest,0.4,Low Risk,TN
BSIM,2018,1,0,0,0,-0.4,Random Forest,0.4,Low Risk,TN
BSIM,2018,1,0,0,0,-0.4,Random Forest,0.4,Low Risk,TN
BSIM,2018,1,0,0,0,-0.4,Random Forest,0.4,Low Risk,TN
BSIM,2018,1,0,0,0,-0.4,Random Forest,0.4,Low Risk,TN
BTPN,2018,1,0,0,0,-0.4,Random Forest,0.4,Low Risk,TN
BTPN,2018,1,0,0,0,-0.4,Random Forest,0.4,Low Risk,TN
BTPN,2018,1,0,0,0,-0.4,Random Forest,0.4,Low Risk,TN
BTPN,2018,1,0,0,0,-0.4,Random Forest,0.4,Low Risk,TN
BTPS,2018,1,0,0,0,-0.4,Random Forest,0.4,Low Risk,TN
BTPS,2018,1,0,0,0,-0.4,Random Forest,0.4,Low Risk,TN
BTPS,2018,1,0,0,0,-0.4,Random Forest,0.4,Low Risk,TN
BTPS,2018,1,0,0,0,-0.4,Random Forest,0.4,Low Risk,TN
BVIC,2018,1,0,0,0,-0.4,Random Forest,0.4,Low Risk,TN
BVIC,2018,1,0,0,0,-0.4,Random Forest,0.4,Low Risk,TN
BVIC,2018,1,0,0,0,-0.4,Random Forest,0.4,Low Risk,TN
BVIC,2018,1,0,0,0,-0.4,Random Forest,0.4,Low Risk,TN
DNAR,2018,1,0,0,0,-0.4,Random Forest,0.4,Low Risk,TN
DNAR,2018,1,0,0,0,-0.4,Random Forest,0.4,Low Risk,TN
DNAR,2018,1,0,0,0,-0.4,Random Forest,0.4,Low Risk,TN
DNAR,2018,1,0,0,0,-0.4,Random Forest,0.4,Low Risk,TN
INPC,2018,1,0,0,0,-0.4,Random Forest,0.4,Low Risk,TN
INPC,2018,1,0,0,0,-0.4,Random Forest,0.4,Low Risk,TN
INPC,2018,1,0,0,0,-0.4,Random Forest,0.4,Low Risk,TN
INPC,2018,1,0,0,0,-0.4,Random Forest,0.4,Low Risk,TN
MAYA,2018,1,0,0,0,-0.4,Random Forest,0.4,Low Risk,TN
MAYA,2018,1,0,0,0,-0.4,Random Forest,0.4,Low Risk,TN
MAYA,2018,1,0,0,0,-0.4,Random Forest,0.4,Low Risk,TN
MAYA,2018,1,0,0,0,-0.4,Random Forest,0.4,Low Risk,TN
MCOR,2018,1,0,0,0,-0.4,Random Forest,0.4,Low Risk,TN
MCOR,2018,1,0,0,0,-0.4,Random Forest,0.4,Low Risk,TN
MCOR,2018,1,0,0,0,-0.4,Random Forest,0.4,Low Risk,TN
MCOR,2018,1,0,0,0,-0.4,Random Forest,0.4,Low Risk,TN
MEGA,2018,1,0,0,0,-0.4,Random Forest,0.4,Low Risk,TN
MEGA,2018,1,0,0,0,-0.4,Random Forest,0.4,Low Risk,TN
MEGA,2018,1,0,0,0,-0.4,Random Forest,0.4,Low Risk,TN
MEGA,2018,1,0,0,0,-0.4,Random Forest,0.4,Low Risk,TN
NISP,2018,1,0,0,0,-0.4,Random Forest,0.4,Low Risk,TN
NISP,2018,1,0,0,0,-0.4,Random Forest,0.4,Low Risk,TN
NISP,2018,1,0,0,0,-0.4,Random Forest,0.4,Low Risk,TN
NISP,2018,1,0,0,0,-0.4,Random Forest,0.4,Low Risk,TN
NOBU,2018,1,0,0,0,-0.4,Random Forest,0.4,Low Risk,TN
NOBU,2018,1,0,0,0,-0.4,Random Forest,0.4,Low Risk,TN
NOBU,2018,1,0,0,0,-0.4,Random Forest,0.4,Low Risk,TN
NOBU,2018,1,0,0,0,-0.4,Random Forest,0.4,Low Risk,TN
PNBN,2018,1,0,0,0,-0.4,Random Forest,0.4,Low Risk,TN
PNBN,2018,1,0,0,0,-0.4,Random Forest,0.4,Low Risk,TN
PNBN,2018,1,0,0,0,-0.4,Random Forest,0.4,Low Risk,TN
PNBN,2018,1,0,0,0,-0.4,Random Forest,0.4,Low Risk,TN
SDRA,2018,1,0,0,0,-0.4,Random Forest,0.4,Low Risk,TN
SDRA,2018,1,0,0,0,-0.4,Random Forest,0.4,Low Risk,TN
SDRA,2018,1,0,0,0,-0.4,Random Forest,0.4,Low Risk,TN
SDRA,2018,1,0,0,0,-0.4,Random Forest,0.4,Low Risk,TN
AGRO,2019,1,1,1,1,0.6,Random Forest,0.4,High Risk,TP
AGRO,2019,1,1,1,1,0.6,Random Forest,0.4,High Risk,TP
AGRO,2019,1,1,1,1,0.6,Random Forest,0.4,High Risk,TP
AGRO,2019,1,1,1,1,0.6,Random Forest,0.4,High Risk,TP
AGRS,2019,1,1,1,1,0.6,Random Forest,0.4,High Risk,TP
AGRS,2019,1,1,1,1,0.6,Random Forest,0.4,High Risk,TP
AGRS,2019,1,1,1,1,0.6,Random Forest,0.4,High Risk,TP
AGRS,2019,1,1,1,1,0.6,Random Forest,0.4,High Risk,TP
AMAR,2019,1,1,1,1,0.6,Random Forest,0.4,High Risk,TP
AMAR,2019,1,1,1,1,0.6,Random Forest,0.4,High Risk,TP
AMAR,2019,1,1,1,1,0.6,Random Forest,0.4,High Risk,TP
AMAR,2019,1,1,1,1,0.6,Random Forest,0.4,High Risk,TP
ARTO,2019,1,1,1,1,0.6,Random Forest,0.4,High Risk,TP
ARTO,2019,1,1,1,1,0.6,Random Forest,0.4,High Risk,TP
ARTO,2019,1,1,1,1,0.6,Random Forest,0.4,High Risk,TP
ARTO,2019,1,1,1,1,0.6,Random Forest,0.4,High Risk,TP
BABP,2019,1,0,1,1,0.6,Random Forest,0.4,High Risk,FP
BABP,2019,1,0,1,1,0.6,Random Forest,0.4,High Risk,FP
BACA,2019,1,0,1,1,0.6,Random Forest,0.4,High Risk,FP
BANK,2019,1,1,1,1,0.6,Random Forest,0.4,High Risk,TP
BANK,2019,1,1,1,1,0.6,Random Forest,0.4,High Risk,TP
BANK,2019,1,1,1,1,0.6,Random Forest,0.4,High Risk,TP
BANK,2019,1,1,1,1,0.6,Random Forest,0.4,High Risk,TP
BBHI,2019,1,1,1,1,0.6,Random Forest,0.4,High Risk,TP
BBHI,2019,1,1,1,1,0.6,Random Forest,0.4,High Risk,TP
BBHI,2019,1,1,1,1,0.6,Random Forest,0.4,High Risk,TP
BBHI,2019,1,1,1,1,0.6,Random Forest,0.4,High Risk,TP
BBKP,2019,1,1,1,1,0.6,Random Forest,0.4,High Risk,TP
BBKP,2019,1,1,1,1,0.6,Random Forest,0.4,High Risk,TP
BBKP,2019,1,1,1,1,0.6,Random Forest,0.4,High Risk,TP
BBYB,2019,1,1,1,1,0.6,Random Forest,0.4,High Risk,TP
BBYB,2019,1,1,1,1,0.6,Random Forest,0.4,High Risk,TP
BBYB,2019,1,1,1,1,0.6,Random Forest,0.4,High Risk,TP
BBYB,2019,1,1,1,1,0.6,Random Forest,0.4,High Risk,TP
BCIC,2019,1,1,1,1,0.6,Random Forest,0.4,High Risk,TP
BCIC,2019,1,1,1,1,0.6,Random Forest,0.4,High Risk,TP
BCIC,2019,1,1,1,1,0.6,Random Forest,0.4,High Risk,TP
BCIC,2019,1,1,1,1,0.6,Random Forest,0.4,High Risk,TP
BEKS,2019,1,0,1,1,0.6,Random Forest,0.4,High Risk,FP
BEKS,2019,1,0,1,1,0.6,Random Forest,0.4,High Risk,FP
BEKS,2019,1,0,1,1,0.6,Random Forest,0.4,High Risk,FP
BEKS,2019,1,0,1,1,0.6,Random Forest,0.4,High Risk,FP
BGTG,2019,1,0,1,1,0.6,Random Forest,0.4,High Risk,FP
BGTG,2019,1,0,1,1,0.6,Random Forest,0.4,High Risk,FP
BGTG,2019,1,0,1,1,0.6,Random Forest,0.4,High Risk,FP
BGTG,2019,1,0,1,1,0.6,Random Forest,0.4,High Risk,FP
BKSW,2019,1,1,1,1,0.6,Random Forest,0.4,High Risk,TP
BKSW,2019,1,1,1,1,0.6,Random Forest,0.4,High Risk,TP
BKSW,2019,1,1,1,1,0.6,Random Forest,0.4,High Risk,TP
BKSW,2019,1,1,1,1,0.6,Random Forest,0.4,High Risk,TP
PNBS,2019,1,1,1,1,0.6,Random Forest,0.4,High Risk,TP
PNBS,2019,1,1,1,1,0.6,Random Forest,0.4,High Risk,TP
PNBS,2019,1,1,1,1,0.6,Random Forest,0.4,High Risk,TP
PNBS,2019,1,1,1,1,0.6,Random Forest,0.4,High Risk,TP
BABP,2019,1,0,0,0,-0.4,Random Forest,0.4,Low Risk,TN
BABP,2019,1,0,0,0,-0.4,Random Forest,0.4,Low Risk,TN
BACA,2019,1,0,0,0,-0.4,Random Forest,0.4,Low Risk,TN
BACA,2019,1,0,0,0,-0.4,Random Forest,0.4,Low Risk,TN
BACA,2019,1,0,0,0,-0.4,Random Forest,0.4,Low Risk,TN
BBCA,2019,1,0,0,0,-0.4,Random Forest,0.4,Low Risk,TN
BBCA,2019,1,0,0,0,-0.4,Random Forest,0.4,Low Risk,TN
BBCA,2019,1,0,0,0,-0.4,Random Forest,0.4,Low Risk,TN
BBCA,2019,1,0,0,0,-0.4,Random Forest,0.4,Low Risk,TN
BBKP,2019,1,1,0,0,-0.4,Random Forest,0.4,Low Risk,FN
BBMD,2019,1,0,0,0,-0.4,Random Forest,0.4,Low Risk,TN
BBMD,2019,1,0,0,0,-0.4,Random Forest,0.4,Low Risk,TN
BBMD,2019,1,0,0,0,-0.4,Random Forest,0.4,Low Risk,TN
BBMD,2019,1,0,0,0,-0.4,Random Forest,0.4,Low Risk,TN
BBNI,2019,1,0,0,0,-0.4,Random Forest,0.4,Low Risk,TN
BBNI,2019,1,0,0,0,-0.4,Random Forest,0.4,Low Risk,TN
BBNI,2019,1,0,0,0,-0.4,Random Forest,0.4,Low Risk,TN
BBNI,2019,1,0,0,0,-0.4,Random Forest,0.4,Low Risk,TN
BBRI,2019,1,0,0,0,-0.4,Random Forest,0.4,Low Risk,TN
BBRI,2019,1,0,0,0,-0.4,Random Forest,0.4,Low Risk,TN
BBRI,2019,1,0,0,0,-0.4,Random Forest,0.4,Low Risk,TN
BBRI,2019,1,0,0,0,-0.4,Random Forest,0.4,Low Risk,TN
BBSI,2019,1,0,0,0,-0.4,Random Forest,0.4,Low Risk,TN
BBSI,2019,1,0,0,0,-0.4,Random Forest,0.4,Low Risk,TN
BBSI,2019,1,0,0,0,-0.4,Random Forest,0.4,Low Risk,TN
BBSI,2019,1,0,0,0,-0.4,Random Forest,0.4,Low Risk,TN
BBTN,2019,1,0,0,0,-0.4,Random Forest,0.4,Low Risk,TN
BBTN,2019,1,0,0,0,-0.4,Random Forest,0.4,Low Risk,TN
BBTN,2019,1,0,0,0,-0.4,Random Forest,0.4,Low Risk,TN
BBTN,2019,1,0,0,0,-0.4,Random Forest,0.4,Low Risk,TN
BDMN,2019,1,0,0,0,-0.4,Random Forest,0.4,Low Risk,TN
BDMN,2019,1,0,0,0,-0.4,Random Forest,0.4,Low Risk,TN
BDMN,2019,1,0,0,0,-0.4,Random Forest,0.4,Low Risk,TN
BDMN,2019,1,0,0,0,-0.4,Random Forest,0.4,Low Risk,TN
BINA,2019,1,0,0,0,-0.4,Random Forest,0.4,Low Risk,TN
BINA,2019,1,0,0,0,-0.4,Random Forest,0.4,Low Risk,TN
BINA,2019,1,0,0,0,-0.4,Random Forest,0.4,Low Risk,TN
BINA,2019,1,0,0,0,-0.4,Random Forest,0.4,Low Risk,TN
BJBR,2019,1,0,0,0,-0.4,Random Forest,0.4,Low Risk,TN
BJBR,2019,1,0,0,0,-0.4,Random Forest,0.4,Low Risk,TN
BJBR,2019,1,0,0,0,-0.4,Random Forest,0.4,Low Risk,TN
BJBR,2019,1,0,0,0,-0.4,Random Forest,0.4,Low Risk,TN
BJTM,2019,1,0,0,0,-0.4,Random Forest,0.4,Low Risk,TN
BJTM,2019,1,0,0,0,-0.4,Random Forest,0.4,Low Risk,TN
BJTM,2019,1,0,0,0,-0.4,Random Forest,0.4,Low Risk,TN
BJTM,2019,1,0,0,0,-0.4,Random Forest,0.4,Low Risk,TN
BMAS,2019,1,0,0,0,-0.4,Random Forest,0.4,Low Risk,TN
BMAS,2019,1,0,0,0,-0.4,Random Forest,0.4,Low Risk,TN
BMAS,2019,1,0,0,0,-0.4,Random Forest,0.4,Low Risk,TN
BMAS,2019,1,0,0,0,-0.4,Random Forest,0.4,Low Risk,TN
BMRI,2019,1,0,0,0,-0.4,Random Forest,0.4,Low Risk,TN
BMRI,2019,1,0,0,0,-0.4,Random Forest,0.4,Low Risk,TN
BMRI,2019,1,0,0,0,-0.4,Random Forest,0.4,Low Risk,TN
BMRI,2019,1,0,0,0,-0.4,Random Forest,0.4,Low Risk,TN
BNBA,2019,1,0,0,0,-0.4,Random Forest,0.4,Low Risk,TN
BNBA,2019,1,0,0,0,-0.4,Random Forest,0.4,Low Risk,TN
BNBA,2019,1,0,0,0,-0.4,Random Forest,0.4,Low Risk,TN
BNBA,2019,1,0,0,0,-0.4,Random Forest,0.4,Low Risk,TN
BNGA,2019,1,0,0,0,-0.4,Random Forest,0.4,Low Risk,TN
BNGA,2019,1,0,0,0,-0.4,Random Forest,0.4,Low Risk,TN
BNGA,2019,1,0,0,0,-0.4,Random Forest,0.4,Low Risk,TN
BNGA,2019,1,0,0,0,-0.4,Random Forest,0.4,Low Risk,TN
BNII,2019,1,0,0,0,-0.4,Random Forest,0.4,Low Risk,TN
BNII,2019,1,0,0,0,-0.4,Random Forest,0.4,Low Risk,TN
BNII,2019,1,0,0,0,-0.4,Random Forest,0.4,Low Risk,TN
BNII,2019,1,0,0,0,-0.4,Random Forest,0.4,Low Risk,TN
BNLI,2019,1,0,0,0,-0.4,Random Forest,0.4,Low Risk,TN
BNLI,2019,1,0,0,0,-0.4,Random Forest,0.4,Low Risk,TN
BNLI,2019,1,0,0,0,-0.4,Random Forest,0.4,Low Risk,TN
BNLI,2019,1,0,0,0,-0.4,Random Forest,0.4,Low Risk,TN
BRIS,2019,1,0,0,0,-0.4,Random Forest,0.4,Low Risk,TN
BRIS,2019,1,0,0,0,-0.4,Random Forest,0.4,Low Risk,TN
BRIS,2019,1,0,0,0,-0.4,Random Forest,0.4,Low Risk,TN
BRIS,2019,1,0,0,0,-0.4,Random Forest,0.4,Low Risk,TN
BSIM,2019,1,0,0,0,-0.4,Random Forest,0.4,Low Risk,TN
BSIM,2019,1,0,0,0,-0.4,Random Forest,0.4,Low Risk,TN
BSIM,2019,1,0,0,0,-0.4,Random Forest,0.4,Low Risk,TN
BSIM,2019,1,0,0,0,-0.4,Random Forest,0.4,Low Risk,TN
BTPN,2019,1,0,0,0,-0.4,Random Forest,0.4,Low Risk,TN
BTPN,2019,1,0,0,0,-0.4,Random Forest,0.4,Low Risk,TN
BTPN,2019,1,0,0,0,-0.4,Random Forest,0.4,Low Risk,TN
BTPN,2019,1,0,0,0,-0.4,Random Forest,0.4,Low Risk,TN
BTPS,2019,1,0,0,0,-0.4,Random Forest,0.4,Low Risk,TN
BTPS,2019,1,0,0,0,-0.4,Random Forest,0.4,Low Risk,TN
BTPS,2019,1,0,0,0,-0.4,Random Forest,0.4,Low Risk,TN
BTPS,2019,1,0,0,0,-0.4,Random Forest,0.4,Low Risk,TN
BVIC,2019,1,0,0,0,-0.4,Random Forest,0.4,Low Risk,TN
BVIC,2019,1,0,0,0,-0.4,Random Forest,0.4,Low Risk,TN
BVIC,2019,1,0,0,0,-0.4,Random Forest,0.4,Low Risk,TN
BVIC,2019,1,0,0,0,-0.4,Random Forest,0.4,Low Risk,TN
DNAR,2019,1,0,0,0,-0.4,Random Forest,0.4,Low Risk,TN
DNAR,2019,1,0,0,0,-0.4,Random Forest,0.4,Low Risk,TN
DNAR,2019,1,0,0,0,-0.4,Random Forest,0.4,Low Risk,TN
DNAR,2019,1,0,0,0,-0.4,Random Forest,0.4,Low Risk,TN
INPC,2019,1,0,0,0,-0.4,Random Forest,0.4,Low Risk,TN
INPC,2019,1,0,0,0,-0.4,Random Forest,0.4,Low Risk,TN
INPC,2019,1,0,0,0,-0.4,Random Forest,0.4,Low Risk,TN
INPC,2019,1,0,0,0,-0.4,Random Forest,0.4,Low Risk,TN
MAYA,2019,1,0,0,0,-0.4,Random Forest,0.4,Low Risk,TN
MAYA,2019,1,0,0,0,-0.4,Random Forest,0.4,Low Risk,TN
MAYA,2019,1,0,0,0,-0.4,Random Forest,0.4,Low Risk,TN
MAYA,2019,1,0,0,0,-0.4,Random Forest,0.4,Low Risk,TN
MCOR,2019,1,0,0,0,-0.4,Random Forest,0.4,Low Risk,TN
MCOR,2019,1,0,0,0,-0.4,Random Forest,0.4,Low Risk,TN
MCOR,2019,1,0,0,0,-0.4,Random Forest,0.4,Low Risk,TN
MCOR,2019,1,0,0,0,-0.4,Random Forest,0.4,Low Risk,TN
MEGA,2019,1,0,0,0,-0.4,Random Forest,0.4,Low Risk,TN
MEGA,2019,1,0,0,0,-0.4,Random Forest,0.4,Low Risk,TN
MEGA,2019,1,0,0,0,-0.4,Random Forest,0.4,Low Risk,TN
MEGA,2019,1,0,0,0,-0.4,Random Forest,0.4,Low Risk,TN
NISP,2019,1,0,0,0,-0.4,Random Forest,0.4,Low Risk,TN
NISP,2019,1,0,0,0,-0.4,Random Forest,0.4,Low Risk,TN
NISP,2019,1,0,0,0,-0.4,Random Forest,0.4,Low Risk,TN
NISP,2019,1,0,0,0,-0.4,Random Forest,0.4,Low Risk,TN
NOBU,2019,1,0,0,0,-0.4,Random Forest,0.4,Low Risk,TN
NOBU,2019,1,0,0,0,-0.4,Random Forest,0.4,Low Risk,TN
NOBU,2019,1,0,0,0,-0.4,Random Forest,0.4,Low Risk,TN
NOBU,2019,1,0,0,0,-0.4,Random Forest,0.4,Low Risk,TN
PNBN,2019,1,0,0,0,-0.4,Random Forest,0.4,Low Risk,TN
PNBN,2019,1,0,0,0,-0.4,Random Forest,0.4,Low Risk,TN
PNBN,2019,1,0,0,0,-0.4,Random Forest,0.4,Low Risk,TN
PNBN,2019,1,0,0,0,-0.4,Random Forest,0.4,Low Risk,TN
SDRA,2019,1,0,0,0,-0.4,Random Forest,0.4,Low Risk,TN
SDRA,2019,1,0,0,0,-0.4,Random Forest,0.4,Low Risk,TN
SDRA,2019,1,0,0,0,-0.4,Random Forest,0.4,Low Risk,TN
SDRA,2019,1,0,0,0,-0.4,Random Forest,0.4,Low Risk,TN
AGRO,2020,1,1,1,1,0.6,Random Forest,0.4,High Risk,TP
AGRO,2020,1,1,1,1,0.6,Random Forest,0.4,High Risk,TP
AGRS,2020,1,1,1,1,0.6,Random Forest,0.4,High Risk,TP
AGRS,2020,1,1,1,1,0.6,Random Forest,0.4,High Risk,TP
AGRS,2020,1,1,1,1,0.6,Random Forest,0.4,High Risk,TP
AGRS,2020,1,1,1,1,0.6,Random Forest,0.4,High Risk,TP
AMAR,2020,1,1,1,1,0.6,Random Forest,0.4,High Risk,TP
AMAR,2020,1,1,1,1,0.6,Random Forest,0.4,High Risk,TP
AMAR,2020,1,1,1,1,0.6,Random Forest,0.4,High Risk,TP
ARTO,2020,1,1,1,1,0.6,Random Forest,0.4,High Risk,TP
ARTO,2020,1,1,1,1,0.6,Random Forest,0.4,High Risk,TP
ARTO,2020,1,1,1,1,0.6,Random Forest,0.4,High Risk,TP
ARTO,2020,1,1,1,1,0.6,Random Forest,0.4,High Risk,TP
BABP,2020,1,0,1,1,0.6,Random Forest,0.4,High Risk,FP
BACA,2020,1,0,1,1,0.6,Random Forest,0.4,High Risk,FP
BACA,2020,1,0,1,1,0.6,Random Forest,0.4,High Risk,FP
BANK,2020,1,1,1,1,0.6,Random Forest,0.4,High Risk,TP
BANK,2020,1,1,1,1,0.6,Random Forest,0.4,High Risk,TP
BANK,2020,1,1,1,1,0.6,Random Forest,0.4,High Risk,TP
BANK,2020,1,1,1,1,0.6,Random Forest,0.4,High Risk,TP
BBHI,2020,1,1,1,1,0.6,Random Forest,0.4,High Risk,TP
BBHI,2020,1,1,1,1,0.6,Random Forest,0.4,High Risk,TP
BBHI,2020,1,1,1,1,0.6,Random Forest,0.4,High Risk,TP
BBHI,2020,1,1,1,1,0.6,Random Forest,0.4,High Risk,TP
BBKP,2020,1,1,1,1,0.6,Random Forest,0.4,High Risk,TP
BBKP,2020,1,1,1,1,0.6,Random Forest,0.4,High Risk,TP
BBKP,2020,1,1,1,1,0.6,Random Forest,0.4,High Risk,TP
BBSI,2020,1,0,1,1,0.6,Random Forest,0.4,High Risk,FP
BBYB,2020,1,1,1,1,0.6,Random Forest,0.4,High Risk,TP
BBYB,2020,1,1,1,1,0.6,Random Forest,0.4,High Risk,TP
BBYB,2020,1,1,1,1,0.6,Random Forest,0.4,High Risk,TP
BCIC,2020,1,1,1,1,0.6,Random Forest,0.4,High Risk,TP
BCIC,2020,1,1,1,1,0.6,Random Forest,0.4,High Risk,TP
BCIC,2020,1,1,1,1,0.6,Random Forest,0.4,High Risk,TP
BCIC,2020,1,1,1,1,0.6,Random Forest,0.4,High Risk,TP
BEKS,2020,1,0,1,1,0.6,Random Forest,0.4,High Risk,FP
BEKS,2020,1,0,1,1,0.6,Random Forest,0.4,High Risk,FP
BEKS,2020,1,0,1,1,0.6,Random Forest,0.4,High Risk,FP
BEKS,2020,1,1,1,1,0.6,Random Forest,0.4,High Risk,TP
BGTG,2020,1,0,1,1,0.6,Random Forest,0.4,High Risk,FP
BGTG,2020,1,0,1,1,0.6,Random Forest,0.4,High Risk,FP
BGTG,2020,1,0,1,1,0.6,Random Forest,0.4,High Risk,FP
BGTG,2020,1,0,1,1,0.6,Random Forest,0.4,High Risk,FP
BKSW,2020,1,1,1,1,0.6,Random Forest,0.4,High Risk,TP
BKSW,2020,1,1,1,1,0.6,Random Forest,0.4,High Risk,TP
BKSW,2020,1,1,1,1,0.6,Random Forest,0.4,High Risk,TP
BKSW,2020,1,1,1,1,0.6,Random Forest,0.4,High Risk,TP
BTPS,2020,1,0,1,1,0.6,Random Forest,0.4,High Risk,FP
BVIC,2020,1,0,1,1,0.6,Random Forest,0.4,High Risk,FP
DNAR,2020,1,0,1,1,0.6,Random Forest,0.4,High Risk,FP
DNAR,2020,1,0,1,1,0.6,Random Forest,0.4,High Risk,FP
DNAR,2020,1,0,1,1,0.6,Random Forest,0.4,High Risk,FP
DNAR,2020,1,0,1,1,0.6,Random Forest,0.4,High Risk,FP
MASB,2020,1,0,1,1,0.6,Random Forest,0.4,High Risk,FP
MASB,2020,1,0,1,1,0.6,Random Forest,0.4,High Risk,FP
MASB,2020,1,0,1,1,0.6,Random Forest,0.4,High Risk,FP
MASB,2020,1,0,1,1,0.6,Random Forest,0.4,High Risk,FP
MAYA,2020,1,0,1,1,0.6,Random Forest,0.4,High Risk,FP
NOBU,2020,1,0,1,1,0.6,Random Forest,0.4,High Risk,FP
PNBS,2020,1,1,1,1,0.6,Random Forest,0.4,High Risk,TP
PNBS,2020,1,1,1,1,0.6,Random Forest,0.4,High Risk,TP
PNBS,2020,1,1,1,1,0.6,Random Forest,0.4,High Risk,TP
AGRO,2020,1,1,0,0,-0.4,Random Forest,0.4,Low Risk,FN
AGRO,2020,1,1,0,0,-0.4,Random Forest,0.4,Low Risk,FN
AMAR,2020,1,1,0,0,-0.4,Random Forest,0.4,Low Risk,FN
BABP,2020,1,0,0,0,-0.4,Random Forest,0.4,Low Risk,TN
BABP,2020,1,0,0,0,-0.4,Random Forest,0.4,Low Risk,TN
BABP,2020,1,0,0,0,-0.4,Random Forest,0.4,Low Risk,TN
BACA,2020,1,0,0,0,-0.4,Random Forest,0.4,Low Risk,TN
BACA,2020,1,0,0,0,-0.4,Random Forest,0.4,Low Risk,TN
BBCA,2020,1,0,0,0,-0.4,Random Forest,0.4,Low Risk,TN
BBCA,2020,1,0,0,0,-0.4,Random Forest,0.4,Low Risk,TN
BBCA,2020,1,0,0,0,-0.4,Random Forest,0.4,Low Risk,TN
BBCA,2020,1,0,0,0,-0.4,Random Forest,0.4,Low Risk,TN
BBKP,2020,1,1,0,0,-0.4,Random Forest,0.4,Low Risk,FN
BBMD,2020,1,0,0,0,-0.4,Random Forest,0.4,Low Risk,TN
BBMD,2020,1,0,0,0,-0.4,Random Forest,0.4,Low Risk,TN
BBMD,2020,1,0,0,0,-0.4,Random Forest,0.4,Low Risk,TN
BBMD,2020,1,0,0,0,-0.4,Random Forest,0.4,Low Risk,TN
BBNI,2020,1,0,0,0,-0.4,Random Forest,0.4,Low Risk,TN
BBNI,2020,1,0,0,0,-0.4,Random Forest,0.4,Low Risk,TN
BBNI,2020,1,0,0,0,-0.4,Random Forest,0.4,Low Risk,TN
BBNI,2020,1,0,0,0,-0.4,Random Forest,0.4,Low Risk,TN
BBRI,2020,1,0,0,0,-0.4,Random Forest,0.4,Low Risk,TN
BBRI,2020,1,0,0,0,-0.4,Random Forest,0.4,Low Risk,TN
BBRI,2020,1,0,0,0,-0.4,Random Forest,0.4,Low Risk,TN
BBRI,2020,1,0,0,0,-0.4,Random Forest,0.4,Low Risk,TN
BBSI,2020,1,0,0,0,-0.4,Random Forest,0.4,Low Risk,TN
BBSI,2020,1,0,0,0,-0.4,Random Forest,0.4,Low Risk,TN
BBSI,2020,1,0,0,0,-0.4,Random Forest,0.4,Low Risk,TN
BBTN,2020,1,0,0,0,-0.4,Random Forest,0.4,Low Risk,TN
BBTN,2020,1,0,0,0,-0.4,Random Forest,0.4,Low Risk,TN
BBTN,2020,1,0,0,0,-0.4,Random Forest,0.4,Low Risk,TN
BBTN,2020,1,0,0,0,-0.4,Random Forest,0.4,Low Risk,TN
BBYB,2020,1,1,0,0,-0.4,Random Forest,0.4,Low Risk,FN
BDMN,2020,1,0,0,0,-0.4,Random Forest,0.4,Low Risk,TN
BDMN,2020,1,0,0,0,-0.4,Random Forest,0.4,Low Risk,TN
BDMN,2020,1,0,0,0,-0.4,Random Forest,0.4,Low Risk,TN
BDMN,2020,1,0,0,0,-0.4,Random Forest,0.4,Low Risk,TN
BINA,2020,1,0,0,0,-0.4,Random Forest,0.4,Low Risk,TN
BINA,2020,1,0,0,0,-0.4,Random Forest,0.4,Low Risk,TN
BINA,2020,1,0,0,0,-0.4,Random Forest,0.4,Low Risk,TN
BINA,2020,1,0,0,0,-0.4,Random Forest,0.4,Low Risk,TN
BJBR,2020,1,0,0,0,-0.4,Random Forest,0.4,Low Risk,TN
BJBR,2020,1,0,0,0,-0.4,Random Forest,0.4,Low Risk,TN
BJBR,2020,1,0,0,0,-0.4,Random Forest,0.4,Low Risk,TN
BJBR,2020,1,0,0,0,-0.4,Random Forest,0.4,Low Risk,TN
BJTM,2020,1,0,0,0,-0.4,Random Forest,0.4,Low Risk,TN
BJTM,2020,1,0,0,0,-0.4,Random Forest,0.4,Low Risk,TN
BJTM,2020,1,0,0,0,-0.4,Random Forest,0.4,Low Risk,TN
BJTM,2020,1,0,0,0,-0.4,Random Forest,0.4,Low Risk,TN
BMAS,2020,1,0,0,0,-0.4,Random Forest,0.4,Low Risk,TN
BMAS,2020,1,0,0,0,-0.4,Random Forest,0.4,Low Risk,TN
BMAS,2020,1,0,0,0,-0.4,Random Forest,0.4,Low Risk,TN
BMAS,2020,1,0,0,0,-0.4,Random Forest,0.4,Low Risk,TN
BMRI,2020,1,0,0,0,-0.4,Random Forest,0.4,Low Risk,TN
BMRI,2020,1,0,0,0,-0.4,Random Forest,0.4,Low Risk,TN
BMRI,2020,1,0,0,0,-0.4,Random Forest,0.4,Low Risk,TN
BMRI,2020,1,0,0,0,-0.4,Random Forest,0.4,Low Risk,TN
BNBA,2020,1,0,0,0,-0.4,Random Forest,0.4,Low Risk,TN
BNBA,2020,1,0,0,0,-0.4,Random Forest,0.4,Low Risk,TN
BNBA,2020,1,0,0,0,-0.4,Random Forest,0.4,Low Risk,TN
BNBA,2020,1,0,0,0,-0.4,Random Forest,0.4,Low Risk,TN
BNGA,2020,1,0,0,0,-0.4,Random Forest,0.4,Low Risk,TN
BNGA,2020,1,0,0,0,-0.4,Random Forest,0.4,Low Risk,TN
BNGA,2020,1,0,0,0,-0.4,Random Forest,0.4,Low Risk,TN
BNGA,2020,1,0,0,0,-0.4,Random Forest,0.4,Low Risk,TN
BNII,2020,1,0,0,0,-0.4,Random Forest,0.4,Low Risk,TN
BNII,2020,1,0,0,0,-0.4,Random Forest,0.4,Low Risk,TN
BNII,2020,1,0,0,0,-0.4,Random Forest,0.4,Low Risk,TN
BNII,2020,1,0,0,0,-0.4,Random Forest,0.4,Low Risk,TN
BNLI,2020,1,0,0,0,-0.4,Random Forest,0.4,Low Risk,TN
BNLI,2020,1,0,0,0,-0.4,Random Forest,0.4,Low Risk,TN
BNLI,2020,1,0,0,0,-0.4,Random Forest,0.4,Low Risk,TN
BNLI,2020,1,0,0,0,-0.4,Random Forest,0.4,Low Risk,TN
BRIS,2020,1,0,0,0,-0.4,Random Forest,0.4,Low Risk,TN
BRIS,2020,1,0,0,0,-0.4,Random Forest,0.4,Low Risk,TN
BRIS,2020,1,0,0,0,-0.4,Random Forest,0.4,Low Risk,TN
BRIS,2020,1,0,0,0,-0.4,Random Forest,0.4,Low Risk,TN
BSIM,2020,1,0,0,0,-0.4,Random Forest,0.4,Low Risk,TN
BSIM,2020,1,0,0,0,-0.4,Random Forest,0.4,Low Risk,TN
BSIM,2020,1,0,0,0,-0.4,Random Forest,0.4,Low Risk,TN
BSIM,2020,1,0,0,0,-0.4,Random Forest,0.4,Low Risk,TN
BTPN,2020,1,0,0,0,-0.4,Random Forest,0.4,Low Risk,TN
BTPN,2020,1,0,0,0,-0.4,Random Forest,0.4,Low Risk,TN
BTPN,2020,1,0,0,0,-0.4,Random Forest,0.4,Low Risk,TN
BTPN,2020,1,0,0,0,-0.4,Random Forest,0.4,Low Risk,TN
BTPS,2020,1,0,0,0,-0.4,Random Forest,0.4,Low Risk,TN
BTPS,2020,1,0,0,0,-0.4,Random Forest,0.4,Low Risk,TN
BTPS,2020,1,0,0,0,-0.4,Random Forest,0.4,Low Risk,TN
BVIC,2020,1,0,0,0,-0.4,Random Forest,0.4,Low Risk,TN
BVIC,2020,1,0,0,0,-0.4,Random Forest,0.4,Low Risk,TN
BVIC,2020,1,0,0,0,-0.4,Random Forest,0.4,Low Risk,TN
INPC,2020,1,0,0,0,-0.4,Random Forest,0.4,Low Risk,TN
INPC,2020,1,0,0,0,-0.4,Random Forest,0.4,Low Risk,TN
INPC,2020,1,0,0,0,-0.4,Random Forest,0.4,Low Risk,TN
INPC,2020,1,0,0,0,-0.4,Random Forest,0.4,Low Risk,TN
MAYA,2020,1,0,0,0,-0.4,Random Forest,0.4,Low Risk,TN
MAYA,2020,1,0,0,0,-0.4,Random Forest,0.4,Low Risk,TN
MAYA,2020,1,0,0,0,-0.4,Random Forest,0.4,Low Risk,TN
MCOR,2020,1,0,0,0,-0.4,Random Forest,0.4,Low Risk,TN
MCOR,2020,1,0,0,0,-0.4,Random Forest,0.4,Low Risk,TN
MCOR,2020,1,0,0,0,-0.4,Random Forest,0.4,Low Risk,TN
MCOR,2020,1,0,0,0,-0.4,Random Forest,0.4,Low Risk,TN
MEGA,2020,1,0,0,0,-0.4,Random Forest,0.4,Low Risk,TN
MEGA,2020,1,0,0,0,-0.4,Random Forest,0.4,Low Risk,TN
MEGA,2020,1,0,0,0,-0.4,Random Forest,0.4,Low Risk,TN
MEGA,2020,1,0,0,0,-0.4,Random Forest,0.4,Low Risk,TN
NISP,2020,1,0,0,0,-0.4,Random Forest,0.4,Low Risk,TN
NISP,2020,1,0,0,0,-0.4,Random Forest,0.4,Low Risk,TN
NISP,2020,1,0,0,0,-0.4,Random Forest,0.4,Low Risk,TN
NISP,2020,1,0,0,0,-0.4,Random Forest,0.4,Low Risk,TN
NOBU,2020,1,0,0,0,-0.4,Random Forest,0.4,Low Risk,TN
NOBU,2020,1,0,0,0,-0.4,Random Forest,0.4,Low Risk,TN
NOBU,2020,1,0,0,0,-0.4,Random Forest,0.4,Low Risk,TN
PNBN,2020,1,0,0,0,-0.4,Random Forest,0.4,Low Risk,TN
PNBN,2020,1,0,0,0,-0.4,Random Forest,0.4,Low Risk,TN
PNBN,2020,1,0,0,0,-0.4,Random Forest,0.4,Low Risk,TN
PNBN,2020,1,0,0,0,-0.4,Random Forest,0.4,Low Risk,TN
PNBS,2020,1,1,0,0,-0.4,Random Forest,0.4,Low Risk,FN
SDRA,2020,1,0,0,0,-0.4,Random Forest,0.4,Low Risk,TN
SDRA,2020,1,0,0,0,-0.4,Random Forest,0.4,Low Risk,TN
SDRA,2020,1,0,0,0,-0.4,Random Forest,0.4,Low Risk,TN
SDRA,2020,1,0,0,0,-0.4,Random Forest,0.4,Low Risk,TN
AGRO,2021,1,1,1,1,0.6,Random Forest,0.4,High Risk,TP
AGRO,2021,1,1,1,1,0.6,Random Forest,0.4,High Risk,TP
AGRO,2021,1,1,1,1,0.6,Random Forest,0.4,High Risk,TP
AGRS,2021,1,1,1,1,0.6,Random Forest,0.4,High Risk,TP
AGRS,2021,1,1,1,1,0.6,Random Forest,0.4,High Risk,TP
AGRS,2021,1,1,1,1,0.6,Random Forest,0.4,High Risk,TP
AGRS,2021,1,1,1,1,0.6,Random Forest,0.4,High Risk,TP
AMAR,2021,1,1,1,1,0.6,Random Forest,0.4,High Risk,TP
AMAR,2021,1,1,1,1,0.6,Random Forest,0.4,High Risk,TP
AMAR,2021,1,1,1,1,0.6,Random Forest,0.4,High Risk,TP
AMAR,2021,1,1,1,1,0.6,Random Forest,0.4,High Risk,TP
ARTO,2021,1,1,1,1,0.6,Random Forest,0.4,High Risk,TP
ARTO,2021,1,1,1,1,0.6,Random Forest,0.4,High Risk,TP
ARTO,2021,1,1,1,1,0.6,Random Forest,0.4,High Risk,TP
BABP,2021,1,0,1,1,0.6,Random Forest,0.4,High Risk,FP
BABP,2021,1,1,1,1,0.6,Random Forest,0.4,High Risk,TP
BABP,2021,1,0,1,1,0.6,Random Forest,0.4,High Risk,FP
BANK,2021,1,1,1,1,0.6,Random Forest,0.4,High Risk,TP
BANK,2021,1,1,1,1,0.6,Random Forest,0.4,High Risk,TP
BANK,2021,1,1,1,1,0.6,Random Forest,0.4,High Risk,TP
BANK,2021,1,1,1,1,0.6,Random Forest,0.4,High Risk,TP
BBHI,2021,1,1,1,1,0.6,Random Forest,0.4,High Risk,TP
BBHI,2021,1,1,1,1,0.6,Random Forest,0.4,High Risk,TP
BBHI,2021,1,1,1,1,0.6,Random Forest,0.4,High Risk,TP
BBHI,2021,1,1,1,1,0.6,Random Forest,0.4,High Risk,TP
BBKP,2021,1,1,1,1,0.6,Random Forest,0.4,High Risk,TP
BBKP,2021,1,1,1,1,0.6,Random Forest,0.4,High Risk,TP
BBSI,2021,1,0,1,1,0.6,Random Forest,0.4,High Risk,FP
BBSI,2021,1,0,1,1,0.6,Random Forest,0.4,High Risk,FP
BBSI,2021,1,0,1,1,0.6,Random Forest,0.4,High Risk,FP
BBSI,2021,1,0,1,1,0.6,Random Forest,0.4,High Risk,FP
BBYB,2021,1,1,1,1,0.6,Random Forest,0.4,High Risk,TP
BBYB,2021,1,1,1,1,0.6,Random Forest,0.4,High Risk,TP
BBYB,2021,1,1,1,1,0.6,Random Forest,0.4,High Risk,TP
BBYB,2021,1,1,1,1,0.6,Random Forest,0.4,High Risk,TP
BCIC,2021,1,1,1,1,0.6,Random Forest,0.4,High Risk,TP
BCIC,2021,1,1,1,1,0.6,Random Forest,0.4,High Risk,TP
BCIC,2021,1,1,1,1,0.6,Random Forest,0.4,High Risk,TP
BCIC,2021,1,1,1,1,0.6,Random Forest,0.4,High Risk,TP
BEKS,2021,1,1,1,1,0.6,Random Forest,0.4,High Risk,TP
BEKS,2021,1,1,1,1,0.6,Random Forest,0.4,High Risk,TP
BEKS,2021,1,1,1,1,0.6,Random Forest,0.4,High Risk,TP
BEKS,2021,1,0,1,1,0.6,Random Forest,0.4,High Risk,FP
BGTG,2021,1,0,1,1,0.6,Random Forest,0.4,High Risk,FP
BGTG,2021,1,0,1,1,0.6,Random Forest,0.4,High Risk,FP
BINA,2021,1,0,1,1,0.6,Random Forest,0.4,High Risk,FP
BKSW,2021,1,1,1,1,0.6,Random Forest,0.4,High Risk,TP
BKSW,2021,1,1,1,1,0.6,Random Forest,0.4,High Risk,TP
BKSW,2021,1,1,1,1,0.6,Random Forest,0.4,High Risk,TP
BKSW,2021,1,1,1,1,0.6,Random Forest,0.4,High Risk,TP
BMAS,2021,1,0,1,1,0.6,Random Forest,0.4,High Risk,FP
BMAS,2021,1,0,1,1,0.6,Random Forest,0.4,High Risk,FP
BMAS,2021,1,0,1,1,0.6,Random Forest,0.4,High Risk,FP
BMAS,2021,1,0,1,1,0.6,Random Forest,0.4,High Risk,FP
BVIC,2021,1,0,1,1,0.6,Random Forest,0.4,High Risk,FP
BVIC,2021,1,0,1,1,0.6,Random Forest,0.4,High Risk,FP
BVIC,2021,1,0,1,1,0.6,Random Forest,0.4,High Risk,FP
DNAR,2021,1,0,1,1,0.6,Random Forest,0.4,High Risk,FP
DNAR,2021,1,0,1,1,0.6,Random Forest,0.4,High Risk,FP
DNAR,2021,1,0,1,1,0.6,Random Forest,0.4,High Risk,FP
DNAR,2021,1,0,1,1,0.6,Random Forest,0.4,High Risk,FP
MASB,2021,1,0,1,1,0.6,Random Forest,0.4,High Risk,FP
NOBU,2021,1,0,1,1,0.6,Random Forest,0.4,High Risk,FP
PNBS,2021,1,1,1,1,0.6,Random Forest,0.4,High Risk,TP
PNBS,2021,1,1,1,1,0.6,Random Forest,0.4,High Risk,TP
PNBS,2021,1,1,1,1,0.6,Random Forest,0.4,High Risk,TP
PNBS,2021,1,1,1,1,0.6,Random Forest,0.4,High Risk,TP
AGRO,2021,1,1,0,0,-0.4,Random Forest,0.4,Low Risk,FN
ARTO,2021,1,1,0,0,-0.4,Random Forest,0.4,Low Risk,FN
BABP,2021,1,0,0,0,-0.4,Random Forest,0.4,Low Risk,TN
BACA,2021,1,0,0,0,-0.4,Random Forest,0.4,Low Risk,TN
BACA,2021,1,0,0,0,-0.4,Random Forest,0.4,Low Risk,TN
BACA,2021,1,0,0,0,-0.4,Random Forest,0.4,Low Risk,TN
BACA,2021,1,0,0,0,-0.4,Random Forest,0.4,Low Risk,TN
BBCA,2021,1,0,0,0,-0.4,Random Forest,0.4,Low Risk,TN
BBCA,2021,1,0,0,0,-0.4,Random Forest,0.4,Low Risk,TN
BBCA,2021,1,0,0,0,-0.4,Random Forest,0.4,Low Risk,TN
BBCA,2021,1,0,0,0,-0.4,Random Forest,0.4,Low Risk,TN
BBKP,2021,1,1,0,0,-0.4,Random Forest,0.4,Low Risk,FN
BBKP,2021,1,1,0,0,-0.4,Random Forest,0.4,Low Risk,FN
BBMD,2021,1,0,0,0,-0.4,Random Forest,0.4,Low Risk,TN
BBMD,2021,1,0,0,0,-0.4,Random Forest,0.4,Low Risk,TN
BBMD,2021,1,0,0,0,-0.4,Random Forest,0.4,Low Risk,TN
BBMD,2021,1,0,0,0,-0.4,Random Forest,0.4,Low Risk,TN
BBNI,2021,1,0,0,0,-0.4,Random Forest,0.4,Low Risk,TN
BBNI,2021,1,0,0,0,-0.4,Random Forest,0.4,Low Risk,TN
BBNI,2021,1,0,0,0,-0.4,Random Forest,0.4,Low Risk,TN
BBNI,2021,1,0,0,0,-0.4,Random Forest,0.4,Low Risk,TN
BBRI,2021,1,0,0,0,-0.4,Random Forest,0.4,Low Risk,TN
BBRI,2021,1,0,0,0,-0.4,Random Forest,0.4,Low Risk,TN
BBRI,2021,1,0,0,0,-0.4,Random Forest,0.4,Low Risk,TN
BBRI,2021,1,0,0,0,-0.4,Random Forest,0.4,Low Risk,TN
BBTN,2021,1,0,0,0,-0.4,Random Forest,0.4,Low Risk,TN
BBTN,2021,1,0,0,0,-0.4,Random Forest,0.4,Low Risk,TN
BBTN,2021,1,0,0,0,-0.4,Random Forest,0.4,Low Risk,TN
BBTN,2021,1,0,0,0,-0.4,Random Forest,0.4,Low Risk,TN
BDMN,2021,1,0,0,0,-0.4,Random Forest,0.4,Low Risk,TN
BDMN,2021,1,0,0,0,-0.4,Random Forest,0.4,Low Risk,TN
BDMN,2021,1,0,0,0,-0.4,Random Forest,0.4,Low Risk,TN
BDMN,2021,1,0,0,0,-0.4,Random Forest,0.4,Low Risk,TN
BGTG,2021,1,0,0,0,-0.4,Random Forest,0.4,Low Risk,TN
BGTG,2021,1,0,0,0,-0.4,Random Forest,0.4,Low Risk,TN
BINA,2021,1,0,0,0,-0.4,Random Forest,0.4,Low Risk,TN
BINA,2021,1,0,0,0,-0.4,Random Forest,0.4,Low Risk,TN
BINA,2021,1,0,0,0,-0.4,Random Forest,0.4,Low Risk,TN
BJBR,2021,1,0,0,0,-0.4,Random Forest,0.4,Low Risk,TN
BJBR,2021,1,0,0,0,-0.4,Random Forest,0.4,Low Risk,TN
BJBR,2021,1,0,0,0,-0.4,Random Forest,0.4,Low Risk,TN
BJBR,2021,1,0,0,0,-0.4,Random Forest,0.4,Low Risk,TN
BJTM,2021,1,0,0,0,-0.4,Random Forest,0.4,Low Risk,TN
BJTM,2021,1,0,0,0,-0.4,Random Forest,0.4,Low Risk,TN
BJTM,2021,1,0,0,0,-0.4,Random Forest,0.4,Low Risk,TN
BJTM,2021,1,0,0,0,-0.4,Random Forest,0.4,Low Risk,TN
BMRI,2021,1,0,0,0,-0.4,Random Forest,0.4,Low Risk,TN
BMRI,2021,1,0,0,0,-0.4,Random Forest,0.4,Low Risk,TN
BMRI,2021,1,0,0,0,-0.4,Random Forest,0.4,Low Risk,TN
BMRI,2021,1,0,0,0,-0.4,Random Forest,0.4,Low Risk,TN
BNBA,2021,1,0,0,0,-0.4,Random Forest,0.4,Low Risk,TN
BNBA,2021,1,0,0,0,-0.4,Random Forest,0.4,Low Risk,TN
BNBA,2021,1,0,0,0,-0.4,Random Forest,0.4,Low Risk,TN
BNBA,2021,1,0,0,0,-0.4,Random Forest,0.4,Low Risk,TN
BNGA,2021,1,0,0,0,-0.4,Random Forest,0.4,Low Risk,TN
BNGA,2021,1,0,0,0,-0.4,Random Forest,0.4,Low Risk,TN
BNGA,2021,1,0,0,0,-0.4,Random Forest,0.4,Low Risk,TN
BNGA,2021,1,0,0,0,-0.4,Random Forest,0.4,Low Risk,TN
BNII,2021,1,0,0,0,-0.4,Random Forest,0.4,Low Risk,TN
BNII,2021,1,0,0,0,-0.4,Random Forest,0.4,Low Risk,TN
BNII,2021,1,0,0,0,-0.4,Random Forest,0.4,Low Risk,TN
BNII,2021,1,0,0,0,-0.4,Random Forest,0.4,Low Risk,TN
BNLI,2021,1,0,0,0,-0.4,Random Forest,0.4,Low Risk,TN
BNLI,2021,1,0,0,0,-0.4,Random Forest,0.4,Low Risk,TN
BNLI,2021,1,0,0,0,-0.4,Random Forest,0.4,Low Risk,TN
BNLI,2021,1,0,0,0,-0.4,Random Forest,0.4,Low Risk,TN
BRIS,2021,1,0,0,0,-0.4,Random Forest,0.4,Low Risk,TN
BRIS,2021,1,0,0,0,-0.4,Random Forest,0.4,Low Risk,TN
BRIS,2021,1,0,0,0,-0.4,Random Forest,0.4,Low Risk,TN
BRIS,2021,1,0,0,0,-0.4,Random Forest,0.4,Low Risk,TN
BSIM,2021,1,0,0,0,-0.4,Random Forest,0.4,Low Risk,TN
BSIM,2021,1,0,0,0,-0.4,Random Forest,0.4,Low Risk,TN
BSIM,2021,1,0,0,0,-0.4,Random Forest,0.4,Low Risk,TN
BSIM,2021,1,0,0,0,-0.4,Random Forest,0.4,Low Risk,TN
BTPN,2021,1,0,0,0,-0.4,Random Forest,0.4,Low Risk,TN
BTPN,2021,1,0,0,0,-0.4,Random Forest,0.4,Low Risk,TN
BTPN,2021,1,0,0,0,-0.4,Random Forest,0.4,Low Risk,TN
BTPN,2021,1,0,0,0,-0.4,Random Forest,0.4,Low Risk,TN
BTPS,2021,1,0,0,0,-0.4,Random Forest,0.4,Low Risk,TN
BTPS,2021,1,0,0,0,-0.4,Random Forest,0.4,Low Risk,TN
BTPS,2021,1,0,0,0,-0.4,Random Forest,0.4,Low Risk,TN
BTPS,2021,1,0,0,0,-0.4,Random Forest,0.4,Low Risk,TN
BVIC,2021,1,0,0,0,-0.4,Random Forest,0.4,Low Risk,TN
INPC,2021,1,0,0,0,-0.4,Random Forest,0.4,Low Risk,TN
INPC,2021,1,0,0,0,-0.4,Random Forest,0.4,Low Risk,TN
INPC,2021,1,0,0,0,-0.4,Random Forest,0.4,Low Risk,TN
INPC,2021,1,0,0,0,-0.4,Random Forest,0.4,Low Risk,TN
MASB,2021,1,0,0,0,-0.4,Random Forest,0.4,Low Risk,TN
MASB,2021,1,0,0,0,-0.4,Random Forest,0.4,Low Risk,TN
MASB,2021,1,0,0,0,-0.4,Random Forest,0.4,Low Risk,TN
MAYA,2021,1,0,0,0,-0.4,Random Forest,0.4,Low Risk,TN
MAYA,2021,1,0,0,0,-0.4,Random Forest,0.4,Low Risk,TN
MAYA,2021,1,0,0,0,-0.4,Random Forest,0.4,Low Risk,TN
MAYA,2021,1,0,0,0,-0.4,Random Forest,0.4,Low Risk,TN
MCOR,2021,1,0,0,0,-0.4,Random Forest,0.4,Low Risk,TN
MCOR,2021,1,0,0,0,-0.4,Random Forest,0.4,Low Risk,TN
MCOR,2021,1,0,0,0,-0.4,Random Forest,0.4,Low Risk,TN
MCOR,2021,1,0,0,0,-0.4,Random Forest,0.4,Low Risk,TN
MEGA,2021,1,0,0,0,-0.4,Random Forest,0.4,Low Risk,TN
MEGA,2021,1,0,0,0,-0.4,Random Forest,0.4,Low Risk,TN
MEGA,2021,1,0,0,0,-0.4,Random Forest,0.4,Low Risk,TN
MEGA,2021,1,0,0,0,-0.4,Random Forest,0.4,Low Risk,TN
NISP,2021,1,0,0,0,-0.4,Random Forest,0.4,Low Risk,TN
NISP,2021,1,0,0,0,-0.4,Random Forest,0.4,Low Risk,TN
NISP,2021,1,0,0,0,-0.4,Random Forest,0.4,Low Risk,TN
NISP,2021,1,0,0,0,-0.4,Random Forest,0.4,Low Risk,TN
NOBU,2021,1,0,0,0,-0.4,Random Forest,0.4,Low Risk,TN
NOBU,2021,1,0,0,0,-0.4,Random Forest,0.4,Low Risk,TN
NOBU,2021,1,0,0,0,-0.4,Random Forest,0.4,Low Risk,TN
PNBN,2021,1,0,0,0,-0.4,Random Forest,0.4,Low Risk,TN
PNBN,2021,1,0,0,0,-0.4,Random Forest,0.4,Low Risk,TN
PNBN,2021,1,0,0,0,-0.4,Random Forest,0.4,Low Risk,TN
PNBN,2021,1,0,0,0,-0.4,Random Forest,0.4,Low Risk,TN
SDRA,2021,1,0,0,0,-0.4,Random Forest,0.4,Low Risk,TN
SDRA,2021,1,0,0,0,-0.4,Random Forest,0.4,Low Risk,TN
SDRA,2021,1,0,0,0,-0.4,Random Forest,0.4,Low Risk,TN
SDRA,2021,1,0,0,0,-0.4,Random Forest,0.4,Low Risk,TN
AGRO,2022,1,1,1,1,0.6,Random Forest,0.4,High Risk,TP
AGRO,2022,1,1,1,1,0.6,Random Forest,0.4,High Risk,TP
AGRO,2022,1,1,1,1,0.6,Random Forest,0.4,High Risk,TP
AGRS,2022,1,1,1,1,0.6,Random Forest,0.4,High Risk,TP
AGRS,2022,1,1,1,1,0.6,Random Forest,0.4,High Risk,TP
AGRS,2022,1,1,1,1,0.6,Random Forest,0.4,High Risk,TP
AGRS,2022,1,1,1,1,0.6,Random Forest,0.4,High Risk,TP
AMAR,2022,1,1,1,1,0.6,Random Forest,0.4,High Risk,TP
AMAR,2022,1,1,1,1,0.6,Random Forest,0.4,High Risk,TP
AMAR,2022,1,1,1,1,0.6,Random Forest,0.4,High Risk,TP
AMAR,2022,1,1,1,1,0.6,Random Forest,0.4,High Risk,TP
ARTO,2022,1,1,1,1,0.6,Random Forest,0.4,High Risk,TP
ARTO,2022,1,1,1,1,0.6,Random Forest,0.4,High Risk,TP
BABP,2022,1,0,1,1,0.6,Random Forest,0.4,High Risk,FP
BABP,2022,1,0,1,1,0.6,Random Forest,0.4,High Risk,FP
BANK,2022,1,1,1,1,0.6,Random Forest,0.4,High Risk,TP
BANK,2022,1,1,1,1,0.6,Random Forest,0.4,High Risk,TP
BANK,2022,1,1,1,1,0.6,Random Forest,0.4,High Risk,TP
BANK,2022,1,1,1,1,0.6,Random Forest,0.4,High Risk,TP
BBHI,2022,1,1,1,1,0.6,Random Forest,0.4,High Risk,TP
BBHI,2022,1,1,1,1,0.6,Random Forest,0.4,High Risk,TP
BBKP,2022,1,1,1,1,0.6,Random Forest,0.4,High Risk,TP
BBSI,2022,1,0,1,1,0.6,Random Forest,0.4,High Risk,FP
BBSI,2022,1,0,1,1,0.6,Random Forest,0.4,High Risk,FP
BBSI,2022,1,0,1,1,0.6,Random Forest,0.4,High Risk,FP
BBYB,2022,1,1,1,1,0.6,Random Forest,0.4,High Risk,TP
BBYB,2022,1,1,1,1,0.6,Random Forest,0.4,High Risk,TP
BBYB,2022,1,1,1,1,0.6,Random Forest,0.4,High Risk,TP
BBYB,2022,1,1,1,1,0.6,Random Forest,0.4,High Risk,TP
BCIC,2022,1,1,1,1,0.6,Random Forest,0.4,High Risk,TP
BCIC,2022,1,1,1,1,0.6,Random Forest,0.4,High Risk,TP
BCIC,2022,1,1,1,1,0.6,Random Forest,0.4,High Risk,TP
BEKS,2022,1,0,1,1,0.6,Random Forest,0.4,High Risk,FP
BEKS,2022,1,0,1,1,0.6,Random Forest,0.4,High Risk,FP
BEKS,2022,1,0,1,1,0.6,Random Forest,0.4,High Risk,FP
BEKS,2022,1,0,1,1,0.6,Random Forest,0.4,High Risk,FP
BGTG,2022,1,0,1,1,0.6,Random Forest,0.4,High Risk,FP
BKSW,2022,1,1,1,1,0.6,Random Forest,0.4,High Risk,TP
BKSW,2022,1,1,1,1,0.6,Random Forest,0.4,High Risk,TP
BKSW,2022,1,1,1,1,0.6,Random Forest,0.4,High Risk,TP
BKSW,2022,1,1,1,1,0.6,Random Forest,0.4,High Risk,TP
BMAS,2022,1,0,1,1,0.6,Random Forest,0.4,High Risk,FP
BMAS,2022,1,0,1,1,0.6,Random Forest,0.4,High Risk,FP
BMAS,2022,1,0,1,1,0.6,Random Forest,0.4,High Risk,FP
BVIC,2022,1,0,1,1,0.6,Random Forest,0.4,High Risk,FP
DNAR,2022,1,0,1,1,0.6,Random Forest,0.4,High Risk,FP
DNAR,2022,1,0,1,1,0.6,Random Forest,0.4,High Risk,FP
DNAR,2022,1,0,1,1,0.6,Random Forest,0.4,High Risk,FP
DNAR,2022,1,0,1,1,0.6,Random Forest,0.4,High Risk,FP
MASB,2022,1,0,1,1,0.6,Random Forest,0.4,High Risk,FP
MASB,2022,1,0,1,1,0.6,Random Forest,0.4,High Risk,FP
PNBS,2022,1,1,1,1,0.6,Random Forest,0.4,High Risk,TP
PNBS,2022,1,1,1,1,0.6,Random Forest,0.4,High Risk,TP
AGRO,2022,1,1,0,0,-0.4,Random Forest,0.4,Low Risk,FN
ARTO,2022,1,1,0,0,-0.4,Random Forest,0.4,Low Risk,FN
ARTO,2022,1,1,0,0,-0.4,Random Forest,0.4,Low Risk,FN
BABP,2022,1,0,0,0,-0.4,Random Forest,0.4,Low Risk,TN
BABP,2022,1,0,0,0,-0.4,Random Forest,0.4,Low Risk,TN
BACA,2022,1,0,0,0,-0.4,Random Forest,0.4,Low Risk,TN
BACA,2022,1,0,0,0,-0.4,Random Forest,0.4,Low Risk,TN
BACA,2022,1,0,0,0,-0.4,Random Forest,0.4,Low Risk,TN
BACA,2022,1,0,0,0,-0.4,Random Forest,0.4,Low Risk,TN
BBCA,2022,1,0,0,0,-0.4,Random Forest,0.4,Low Risk,TN
BBCA,2022,1,0,0,0,-0.4,Random Forest,0.4,Low Risk,TN
BBCA,2022,1,0,0,0,-0.4,Random Forest,0.4,Low Risk,TN
BBCA,2022,1,0,0,0,-0.4,Random Forest,0.4,Low Risk,TN
BBHI,2022,1,1,0,0,-0.4,Random Forest,0.4,Low Risk,FN
BBHI,2022,1,1,0,0,-0.4,Random Forest,0.4,Low Risk,FN
BBKP,2022,1,1,0,0,-0.4,Random Forest,0.4,Low Risk,FN
BBKP,2022,1,1,0,0,-0.4,Random Forest,0.4,Low Risk,FN
BBKP,2022,1,1,0,0,-0.4,Random Forest,0.4,Low Risk,FN
BBMD,2022,1,0,0,0,-0.4,Random Forest,0.4,Low Risk,TN
BBMD,2022,1,0,0,0,-0.4,Random Forest,0.4,Low Risk,TN
BBMD,2022,1,0,0,0,-0.4,Random Forest,0.4,Low Risk,TN
BBMD,2022,1,0,0,0,-0.4,Random Forest,0.4,Low Risk,TN
BBNI,2022,1,0,0,0,-0.4,Random Forest,0.4,Low Risk,TN
BBNI,2022,1,0,0,0,-0.4,Random Forest,0.4,Low Risk,TN
BBNI,2022,1,0,0,0,-0.4,Random Forest,0.4,Low Risk,TN
BBNI,2022,1,0,0,0,-0.4,Random Forest,0.4,Low Risk,TN
BBRI,2022,1,0,0,0,-0.4,Random Forest,0.4,Low Risk,TN
BBRI,2022,1,0,0,0,-0.4,Random Forest,0.4,Low Risk,TN
BBRI,2022,1,0,0,0,-0.4,Random Forest,0.4,Low Risk,TN
BBRI,2022,1,0,0,0,-0.4,Random Forest,0.4,Low Risk,TN
BBSI,2022,1,0,0,0,-0.4,Random Forest,0.4,Low Risk,TN
BBTN,2022,1,0,0,0,-0.4,Random Forest,0.4,Low Risk,TN
BBTN,2022,1,0,0,0,-0.4,Random Forest,0.4,Low Risk,TN
BBTN,2022,1,0,0,0,-0.4,Random Forest,0.4,Low Risk,TN
BBTN,2022,1,0,0,0,-0.4,Random Forest,0.4,Low Risk,TN
BCIC,2022,1,1,0,0,-0.4,Random Forest,0.4,Low Risk,FN
BDMN,2022,1,0,0,0,-0.4,Random Forest,0.4,Low Risk,TN
BDMN,2022,1,0,0,0,-0.4,Random Forest,0.4,Low Risk,TN
BDMN,2022,1,0,0,0,-0.4,Random Forest,0.4,Low Risk,TN
BDMN,2022,1,0,0,0,-0.4,Random Forest,0.4,Low Risk,TN
BGTG,2022,1,0,0,0,-0.4,Random Forest,0.4,Low Risk,TN
BGTG,2022,1,0,0,0,-0.4,Random Forest,0.4,Low Risk,TN
BGTG,2022,1,0,0,0,-0.4,Random Forest,0.4,Low Risk,TN
BINA,2022,1,0,0,0,-0.4,Random Forest,0.4,Low Risk,TN
BINA,2022,1,0,0,0,-0.4,Random Forest,0.4,Low Risk,TN
BINA,2022,1,0,0,0,-0.4,Random Forest,0.4,Low Risk,TN
BINA,2022,1,0,0,0,-0.4,Random Forest,0.4,Low Risk,TN
BJBR,2022,1,0,0,0,-0.4,Random Forest,0.4,Low Risk,TN
BJBR,2022,1,0,0,0,-0.4,Random Forest,0.4,Low Risk,TN
BJBR,2022,1,0,0,0,-0.4,Random Forest,0.4,Low Risk,TN
BJBR,2022,1,0,0,0,-0.4,Random Forest,0.4,Low Risk,TN
BJTM,2022,1,0,0,0,-0.4,Random Forest,0.4,Low Risk,TN
BJTM,2022,1,0,0,0,-0.4,Random Forest,0.4,Low Risk,TN
BJTM,2022,1,0,0,0,-0.4,Random Forest,0.4,Low Risk,TN
BJTM,2022,1,0,0,0,-0.4,Random Forest,0.4,Low Risk,TN
BMAS,2022,1,0,0,0,-0.4,Random Forest,0.4,Low Risk,TN
BMRI,2022,1,0,0,0,-0.4,Random Forest,0.4,Low Risk,TN
BMRI,2022,1,0,0,0,-0.4,Random Forest,0.4,Low Risk,TN
BMRI,2022,1,0,0,0,-0.4,Random Forest,0.4,Low Risk,TN
BMRI,2022,1,0,0,0,-0.4,Random Forest,0.4,Low Risk,TN
BNBA,2022,1,0,0,0,-0.4,Random Forest,0.4,Low Risk,TN
BNBA,2022,1,0,0,0,-0.4,Random Forest,0.4,Low Risk,TN
BNBA,2022,1,0,0,0,-0.4,Random Forest,0.4,Low Risk,TN
BNBA,2022,1,0,0,0,-0.4,Random Forest,0.4,Low Risk,TN
BNGA,2022,1,0,0,0,-0.4,Random Forest,0.4,Low Risk,TN
BNGA,2022,1,0,0,0,-0.4,Random Forest,0.4,Low Risk,TN
BNGA,2022,1,0,0,0,-0.4,Random Forest,0.4,Low Risk,TN
BNGA,2022,1,0,0,0,-0.4,Random Forest,0.4,Low Risk,TN
BNII,2022,1,0,0,0,-0.4,Random Forest,0.4,Low Risk,TN
BNII,2022,1,0,0,0,-0.4,Random Forest,0.4,Low Risk,TN
BNII,2022,1,0,0,0,-0.4,Random Forest,0.4,Low Risk,TN
BNII,2022,1,0,0,0,-0.4,Random Forest,0.4,Low Risk,TN
BNLI,2022,1,0,0,0,-0.4,Random Forest,0.4,Low Risk,TN
BNLI,2022,1,0,0,0,-0.4,Random Forest,0.4,Low Risk,TN
BNLI,2022,1,0,0,0,-0.4,Random Forest,0.4,Low Risk,TN
BNLI,2022,1,0,0,0,-0.4,Random Forest,0.4,Low Risk,TN
BRIS,2022,1,0,0,0,-0.4,Random Forest,0.4,Low Risk,TN
BRIS,2022,1,0,0,0,-0.4,Random Forest,0.4,Low Risk,TN
BRIS,2022,1,0,0,0,-0.4,Random Forest,0.4,Low Risk,TN
BRIS,2022,1,0,0,0,-0.4,Random Forest,0.4,Low Risk,TN
BSIM,2022,1,0,0,0,-0.4,Random Forest,0.4,Low Risk,TN
BSIM,2022,1,0,0,0,-0.4,Random Forest,0.4,Low Risk,TN
BSIM,2022,1,0,0,0,-0.4,Random Forest,0.4,Low Risk,TN
BSIM,2022,1,0,0,0,-0.4,Random Forest,0.4,Low Risk,TN
BTPN,2022,1,0,0,0,-0.4,Random Forest,0.4,Low Risk,TN
BTPN,2022,1,0,0,0,-0.4,Random Forest,0.4,Low Risk,TN
BTPN,2022,1,0,0,0,-0.4,Random Forest,0.4,Low Risk,TN
BTPN,2022,1,0,0,0,-0.4,Random Forest,0.4,Low Risk,TN
BTPS,2022,1,0,0,0,-0.4,Random Forest,0.4,Low Risk,TN
BTPS,2022,1,0,0,0,-0.4,Random Forest,0.4,Low Risk,TN
BTPS,2022,1,0,0,0,-0.4,Random Forest,0.4,Low Risk,TN
BTPS,2022,1,0,0,0,-0.4,Random Forest,0.4,Low Risk,TN
BVIC,2022,1,0,0,0,-0.4,Random Forest,0.4,Low Risk,TN
BVIC,2022,1,0,0,0,-0.4,Random Forest,0.4,Low Risk,TN
BVIC,2022,1,0,0,0,-0.4,Random Forest,0.4,Low Risk,TN
INPC,2022,1,0,0,0,-0.4,Random Forest,0.4,Low Risk,TN
INPC,2022,1,0,0,0,-0.4,Random Forest,0.4,Low Risk,TN
INPC,2022,1,0,0,0,-0.4,Random Forest,0.4,Low Risk,TN
INPC,2022,1,0,0,0,-0.4,Random Forest,0.4,Low Risk,TN
MASB,2022,1,0,0,0,-0.4,Random Forest,0.4,Low Risk,TN
MASB,2022,1,0,0,0,-0.4,Random Forest,0.4,Low Risk,TN
MAYA,2022,1,0,0,0,-0.4,Random Forest,0.4,Low Risk,TN
MAYA,2022,1,0,0,0,-0.4,Random Forest,0.4,Low Risk,TN
MAYA,2022,1,0,0,0,-0.4,Random Forest,0.4,Low Risk,TN
MAYA,2022,1,0,0,0,-0.4,Random Forest,0.4,Low Risk,TN
MCOR,2022,1,0,0,0,-0.4,Random Forest,0.4,Low Risk,TN
MCOR,2022,1,0,0,0,-0.4,Random Forest,0.4,Low Risk,TN
MCOR,2022,1,0,0,0,-0.4,Random Forest,0.4,Low Risk,TN
MCOR,2022,1,0,0,0,-0.4,Random Forest,0.4,Low Risk,TN
MEGA,2022,1,0,0,0,-0.4,Random Forest,0.4,Low Risk,TN
MEGA,2022,1,0,0,0,-0.4,Random Forest,0.4,Low Risk,TN
MEGA,2022,1,0,0,0,-0.4,Random Forest,0.4,Low Risk,TN
MEGA,2022,1,0,0,0,-0.4,Random Forest,0.4,Low Risk,TN
NISP,2022,1,0,0,0,-0.4,Random Forest,0.4,Low Risk,TN
NISP,2022,1,0,0,0,-0.4,Random Forest,0.4,Low Risk,TN
NISP,2022,1,0,0,0,-0.4,Random Forest,0.4,Low Risk,TN
NISP,2022,1,0,0,0,-0.4,Random Forest,0.4,Low Risk,TN
NOBU,2022,1,0,0,0,-0.4,Random Forest,0.4,Low Risk,TN
NOBU,2022,1,0,0,0,-0.4,Random Forest,0.4,Low Risk,TN
NOBU,2022,1,0,0,0,-0.4,Random Forest,0.4,Low Risk,TN
NOBU,2022,1,0,0,0,-0.4,Random Forest,0.4,Low Risk,TN
PNBN,2022,1,0,0,0,-0.4,Random Forest,0.4,Low Risk,TN
PNBN,2022,1,0,0,0,-0.4,Random Forest,0.4,Low Risk,TN
PNBN,2022,1,0,0,0,-0.4,Random Forest,0.4,Low Risk,TN
PNBN,2022,1,0,0,0,-0.4,Random Forest,0.4,Low Risk,TN
PNBS,2022,1,1,0,0,-0.4,Random Forest,0.4,Low Risk,FN
PNBS,2022,1,1,0,0,-0.4,Random Forest,0.4,Low Risk,FN
SDRA,2022,1,0,0,0,-0.4,Random Forest,0.4,Low Risk,TN
SDRA,2022,1,0,0,0,-0.4,Random Forest,0.4,Low Risk,TN
SDRA,2022,1,0,0,0,-0.4,Random Forest,0.4,Low Risk,TN
SDRA,2022,1,0,0,0,-0.4,Random Forest,0.4,Low Risk,TN
AGRS,2023,1,1,1,1,0.6,Random Forest,0.4,High Risk,TP
AGRS,2023,1,1,1,1,0.6,Random Forest,0.4,High Risk,TP
AGRS,2023,1,1,1,1,0.6,Random Forest,0.4,High Risk,TP
AMAR,2023,1,1,1,1,0.6,Random Forest,0.4,High Risk,TP
AMAR,2023,1,1,1,1,0.6,Random Forest,0.4,High Risk,TP
AMAR,2023,1,1,1,1,0.6,Random Forest,0.4,High Risk,TP
BANK,2023,1,1,1,1,0.6,Random Forest,0.4,High Risk,TP
BANK,2023,1,1,1,1,0.6,Random Forest,0.4,High Risk,TP
BANK,2023,1,1,1,1,0.6,Random Forest,0.4,High Risk,TP
BBYB,2023,1,1,1,1,0.6,Random Forest,0.4,High Risk,TP
BBYB,2023,1,1,1,1,0.6,Random Forest,0.4,High Risk,TP
BBYB,2023,1,1,1,1,0.6,Random Forest,0.4,High Risk,TP
BEKS,2023,1,0,1,1,0.6,Random Forest,0.4,High Risk,FP
BEKS,2023,1,0,1,1,0.6,Random Forest,0.4,High Risk,FP
BEKS,2023,1,0,1,1,0.6,Random Forest,0.4,High Risk,FP
BGTG,2023,1,0,1,1,0.6,Random Forest,0.4,High Risk,FP
BGTG,2023,1,0,1,1,0.6,Random Forest,0.4,High Risk,FP
BKSW,2023,1,1,1,1,0.6,Random Forest,0.4,High Risk,TP
BKSW,2023,1,1,1,1,0.6,Random Forest,0.4,High Risk,TP
BMAS,2023,1,0,1,1,0.6,Random Forest,0.4,High Risk,FP
DNAR,2023,1,0,1,1,0.6,Random Forest,0.4,High Risk,FP
DNAR,2023,1,0,1,1,0.6,Random Forest,0.4,High Risk,FP
PNBS,2023,1,1,1,1,0.6,Random Forest,0.4,High Risk,TP
AGRO,2023,1,1,0,0,-0.4,Random Forest,0.4,Low Risk,FN
AGRO,2023,1,1,0,0,-0.4,Random Forest,0.4,Low Risk,FN
AGRO,2023,1,1,0,0,-0.4,Random Forest,0.4,Low Risk,FN
ARTO,2023,1,1,0,0,-0.4,Random Forest,0.4,Low Risk,FN
ARTO,2023,1,1,0,0,-0.4,Random Forest,0.4,Low Risk,FN
ARTO,2023,1,1,0,0,-0.4,Random Forest,0.4,Low Risk,FN
BABP,2023,1,1,0,0,-0.4,Random Forest,0.4,Low Risk,FN
BABP,2023,1,0,0,0,-0.4,Random Forest,0.4,Low Risk,TN
BABP,2023,1,0,0,0,-0.4,Random Forest,0.4,Low Risk,TN
BACA,2023,1,0,0,0,-0.4,Random Forest,0.4,Low Risk,TN
BACA,2023,1,0,0,0,-0.4,Random Forest,0.4,Low Risk,TN
BACA,2023,1,0,0,0,-0.4,Random Forest,0.4,Low Risk,TN
BBCA,2023,1,0,0,0,-0.4,Random Forest,0.4,Low Risk,TN
BBCA,2023,1,0,0,0,-0.4,Random Forest,0.4,Low Risk,TN
BBCA,2023,1,0,0,0,-0.4,Random Forest,0.4,Low Risk,TN
BBHI,2023,1,1,0,0,-0.4,Random Forest,0.4,Low Risk,FN
BBHI,2023,1,1,0,0,-0.4,Random Forest,0.4,Low Risk,FN
BBHI,2023,1,1,0,0,-0.4,Random Forest,0.4,Low Risk,FN
BBKP,2023,1,1,0,0,-0.4,Random Forest,0.4,Low Risk,FN
BBKP,2023,1,1,0,0,-0.4,Random Forest,0.4,Low Risk,FN
BBKP,2023,1,1,0,0,-0.4,Random Forest,0.4,Low Risk,FN
BBMD,2023,1,0,0,0,-0.4,Random Forest,0.4,Low Risk,TN
BBMD,2023,1,0,0,0,-0.4,Random Forest,0.4,Low Risk,TN
BBMD,2023,1,0,0,0,-0.4,Random Forest,0.4,Low Risk,TN
BBNI,2023,1,0,0,0,-0.4,Random Forest,0.4,Low Risk,TN
BBNI,2023,1,0,0,0,-0.4,Random Forest,0.4,Low Risk,TN
BBNI,2023,1,0,0,0,-0.4,Random Forest,0.4,Low Risk,TN
BBRI,2023,1,0,0,0,-0.4,Random Forest,0.4,Low Risk,TN
BBRI,2023,1,0,0,0,-0.4,Random Forest,0.4,Low Risk,TN
BBRI,2023,1,0,0,0,-0.4,Random Forest,0.4,Low Risk,TN
BBSI,2023,1,0,0,0,-0.4,Random Forest,0.4,Low Risk,TN
BBSI,2023,1,0,0,0,-0.4,Random Forest,0.4,Low Risk,TN
BBSI,2023,1,0,0,0,-0.4,Random Forest,0.4,Low Risk,TN
BBTN,2023,1,0,0,0,-0.4,Random Forest,0.4,Low Risk,TN
BBTN,2023,1,0,0,0,-0.4,Random Forest,0.4,Low Risk,TN
BBTN,2023,1,0,0,0,-0.4,Random Forest,0.4,Low Risk,TN
BCIC,2023,1,1,0,0,-0.4,Random Forest,0.4,Low Risk,FN
BCIC,2023,1,1,0,0,-0.4,Random Forest,0.4,Low Risk,FN
BCIC,2023,1,1,0,0,-0.4,Random Forest,0.4,Low Risk,FN
BDMN,2023,1,0,0,0,-0.4,Random Forest,0.4,Low Risk,TN
BDMN,2023,1,0,0,0,-0.4,Random Forest,0.4,Low Risk,TN
BDMN,2023,1,0,0,0,-0.4,Random Forest,0.4,Low Risk,TN
BGTG,2023,1,0,0,0,-0.4,Random Forest,0.4,Low Risk,TN
BINA,2023,1,0,0,0,-0.4,Random Forest,0.4,Low Risk,TN
BINA,2023,1,0,0,0,-0.4,Random Forest,0.4,Low Risk,TN
BINA,2023,1,0,0,0,-0.4,Random Forest,0.4,Low Risk,TN
BJBR,2023,1,0,0,0,-0.4,Random Forest,0.4,Low Risk,TN
BJBR,2023,1,0,0,0,-0.4,Random Forest,0.4,Low Risk,TN
BJBR,2023,1,0,0,0,-0.4,Random Forest,0.4,Low Risk,TN
BJTM,2023,1,0,0,0,-0.4,Random Forest,0.4,Low Risk,TN
BJTM,2023,1,0,0,0,-0.4,Random Forest,0.4,Low Risk,TN
BJTM,2023,1,0,0,0,-0.4,Random Forest,0.4,Low Risk,TN
BKSW,2023,1,1,0,0,-0.4,Random Forest,0.4,Low Risk,FN
BMAS,2023,1,0,0,0,-0.4,Random Forest,0.4,Low Risk,TN
BMAS,2023,1,0,0,0,-0.4,Random Forest,0.4,Low Risk,TN
BMRI,2023,1,0,0,0,-0.4,Random Forest,0.4,Low Risk,TN
BMRI,2023,1,0,0,0,-0.4,Random Forest,0.4,Low Risk,TN
BMRI,2023,1,0,0,0,-0.4,Random Forest,0.4,Low Risk,TN
BNBA,2023,1,0,0,0,-0.4,Random Forest,0.4,Low Risk,TN
BNBA,2023,1,0,0,0,-0.4,Random Forest,0.4,Low Risk,TN
BNBA,2023,1,0,0,0,-0.4,Random Forest,0.4,Low Risk,TN
BNGA,2023,1,0,0,0,-0.4,Random Forest,0.4,Low Risk,TN
BNGA,2023,1,0,0,0,-0.4,Random Forest,0.4,Low Risk,TN
BNGA,2023,1,0,0,0,-0.4,Random Forest,0.4,Low Risk,TN
BNII,2023,1,0,0,0,-0.4,Random Forest,0.4,Low Risk,TN
BNII,2023,1,0,0,0,-0.4,Random Forest,0.4,Low Risk,TN
BNII,2023,1,0,0,0,-0.4,Random Forest,0.4,Low Risk,TN
BNLI,2023,1,0,0,0,-0.4,Random Forest,0.4,Low Risk,TN
BNLI,2023,1,0,0,0,-0.4,Random Forest,0.4,Low Risk,TN
BNLI,2023,1,0,0,0,-0.4,Random Forest,0.4,Low Risk,TN
BRIS,2023,1,0,0,0,-0.4,Random Forest,0.4,Low Risk,TN
BRIS,2023,1,0,0,0,-0.4,Random Forest,0.4,Low Risk,TN
BRIS,2023,1,0,0,0,-0.4,Random Forest,0.4,Low Risk,TN
BSIM,2023,1,0,0,0,-0.4,Random Forest,0.4,Low Risk,TN
BSIM,2023,1,0,0,0,-0.4,Random Forest,0.4,Low Risk,TN
BSIM,2023,1,0,0,0,-0.4,Random Forest,0.4,Low Risk,TN
BTPN,2023,1,0,0,0,-0.4,Random Forest,0.4,Low Risk,TN
BTPN,2023,1,0,0,0,-0.4,Random Forest,0.4,Low Risk,TN
BTPN,2023,1,0,0,0,-0.4,Random Forest,0.4,Low Risk,TN
BTPS,2023,1,0,0,0,-0.4,Random Forest,0.4,Low Risk,TN
BTPS,2023,1,0,0,0,-0.4,Random Forest,0.4,Low Risk,TN
BTPS,2023,1,0,0,0,-0.4,Random Forest,0.4,Low Risk,TN
BVIC,2023,1,0,0,0,-0.4,Random Forest,0.4,Low Risk,TN
BVIC,2023,1,0,0,0,-0.4,Random Forest,0.4,Low Risk,TN
BVIC,2023,1,0,0,0,-0.4,Random Forest,0.4,Low Risk,TN
DNAR,2023,1,0,0,0,-0.4,Random Forest,0.4,Low Risk,TN
INPC,2023,1,0,0,0,-0.4,Random Forest,0.4,Low Risk,TN
INPC,2023,1,0,0,0,-0.4,Random Forest,0.4,Low Risk,TN
INPC,2023,1,0,0,0,-0.4,Random Forest,0.4,Low Risk,TN
MASB,2023,1,0,0,0,-0.4,Random Forest,0.4,Low Risk,TN
MASB,2023,1,0,0,0,-0.4,Random Forest,0.4,Low Risk,TN
MASB,2023,1,0,0,0,-0.4,Random Forest,0.4,Low Risk,TN
MAYA,2023,1,0,0,0,-0.4,Random Forest,0.4,Low Risk,TN
MAYA,2023,1,0,0,0,-0.4,Random Forest,0.4,Low Risk,TN
MAYA,2023,1,0,0,0,-0.4,Random Forest,0.4,Low Risk,TN
MCOR,2023,1,0,0,0,-0.4,Random Forest,0.4,Low Risk,TN
MCOR,2023,1,0,0,0,-0.4,Random Forest,0.4,Low Risk,TN
MCOR,2023,1,0,0,0,-0.4,Random Forest,0.4,Low Risk,TN
MEGA,2023,1,0,0,0,-0.4,Random Forest,0.4,Low Risk,TN
MEGA,2023,1,0,0,0,-0.4,Random Forest,0.4,Low Risk,TN
MEGA,2023,1,0,0,0,-0.4,Random Forest,0.4,Low Risk,TN
NISP,2023,1,0,0,0,-0.4,Random Forest,0.4,Low Risk,TN
NISP,2023,1,0,0,0,-0.4,Random Forest,0.4,Low Risk,TN
NISP,2023,1,0,0,0,-0.4,Random Forest,0.4,Low Risk,TN
NOBU,2023,1,0,0,0,-0.4,Random Forest,0.4,Low Risk,TN
NOBU,2023,1,0,0,0,-0.4,Random Forest,0.4,Low Risk,TN
NOBU,2023,1,0,0,0,-0.4,Random Forest,0.4,Low Risk,TN
PNBN,2023,1,0,0,0,-0.4,Random Forest,0.4,Low Risk,TN
PNBN,2023,1,0,0,0,-0.4,Random Forest,0.4,Low Risk,TN
PNBN,2023,1,0,0,0,-0.4,Random Forest,0.4,Low Risk,TN
PNBS,2023,1,1,0,0,-0.4,Random Forest,0.4,Low Risk,FN
PNBS,2023,1,1,0,0,-0.4,Random Forest,0.4,Low Risk,FN
SDRA,2023,1,0,0,0,-0.4,Random Forest,0.4,Low Risk,TN
SDRA,2023,1,0,0,0,-0.4,Random Forest,0.4,Low Risk,TN
SDRA,2023,1,0,0,0,-0.4,Random Forest,0.4,Low Risk,TN
